year,fsize,firms,estabs,emp,denom,estabs_entry,estabs_entry_rate,estabs_exit,estabs_exit_rate,job_creation,job_creation_births,job_creation_continuers,job_creation_rate_births,job_creation_rate,job_destruction,job_destruction_deaths,job_destruction_continuers,job_destruction_rate_deaths,job_destruction_rate,net_job_creation,net_job_creation_rate,reallocation_rate,firmdeath_firms,firmdeath_estabs,firmdeath_emp
1978,a) 1 to 4,2162791,2171610,5303829,4959755,492222,23.362,362901,17.224,2056275,1269906,786369,25.604,41.459,1359578,905577,454001,18.259,27.412,696697,14.047,54.824,293089,293975,747882
1978,b) 5 to 9,664181,683508,4941525,4644809,45203,6.702,27028,4.008,1361042,514231,846811,11.071,29.302,770358,320393,449965,6.898,16.585,590684,12.717,33.171,20160,21122,266577
1978,c) 10 to 19,387821,427210,5717255,5403401,23049,5.449,14545,3.439,1381610,428404,953206,7.928,25.569,754500,274726,479774,5.084,13.963,627110,11.606,27.927,8143,9207,218109
1978,d) 20 to 99,304402,429976,12687966,12020818,28511,6.695,20306,4.768,2826847,748787,2078060,6.229,23.516,1494292,523063,971229,4.351,12.431,1332555,11.085,24.862,4608,6108,334766
1978,e) 100 to 499,45806,165054,9048914,8689504,16519,10.057,14905,9.075,1896334,481275,1415059,5.539,21.823,1179212,411576,767636,4.736,13.571,717122,8.253,27.141,386,982,136783
1978,f) 500 to 999,5651,53415,3455609,3365408,5528,10.417,4834,9.109,638282,158658,479624,4.714,18.966,457210,172127,285083,5.115,13.586,181072,5.380,27.171,33,95,44526
1978,g) 1000 to 2499,3538,66430,4514550,4417110,6285,9.465,6230,9.382,730299,197713,532586,4.476,16.533,536219,213509,322710,4.834,12.140,194080,4.394,24.279,13,78,38307
1978,h) 2500 to 4999,1406,57119,3398786,3333944,4920,8.640,4568,8.022,534182,154238,379944,4.626,16.023,404233,145579,258654,4.367,12.125,129949,3.898,24.250,D,D,D
1978,i) 5000 to 9999,853,50636,3615946,3525283,4297,8.573,3266,6.516,572259,146155,426104,4.146,16.233,389836,115055,274781,3.264,11.058,182423,5.175,22.117,D,D,D
1978,j) 10000+,744,222594,17570777,17308612,16042,7.242,13905,6.277,2260675,500020,1760655,2.889,13.061,1733126,485455,1247671,2.805,10.013,527549,3.048,20.026,D,D,D
1979,a) 1 to 4,2186767,2194572,5310393,5100862,481018,22.508,366146,17.133,1952049,1250499,701550,24.515,38.269,1533200,948116,585084,18.587,30.058,418849,8.211,60.115,293238,294317,772183
1979,b) 5 to 9,704199,724179,5144423,4979383,40396,5.609,32424,4.502,1308482,489472,819010,9.830,26.278,981228,385409,595819,7.740,19.706,327254,6.572,39.412,23335,24358,308191
1979,c) 10 to 19,417643,457011,6059036,5867854,18810,4.128,16094,3.532,1320561,389213,931348,6.633,22.505,937903,321371,616532,5.477,15.984,382658,6.521,31.967,9277,10155,247160
1979,d) 20 to 99,332617,460289,13697364,13254858,21485,4.693,16564,3.618,2627125,608076,2019049,4.588,19.820,1740168,515978,1224190,3.893,13.129,886957,6.692,26.257,4731,5771,336813
1979,e) 100 to 499,49884,177090,9792698,9491822,14401,8.257,9033,5.179,1725666,413110,1312556,4.352,18.181,1123445,296579,826866,3.125,11.836,602221,6.345,23.672,314,707,101883
1979,f) 500 to 999,5889,55031,3659498,3563940,4706,8.671,3184,5.867,563369,147014,416355,4.125,15.807,370322,100255,270067,2.813,10.391,193047,5.417,20.782,17,128,23335
1979,g) 1000 to 2499,3613,71322,4763382,4603150,7072,10.156,3690,5.299,700593,190023,510570,4.128,15.220,382918,98463,284455,2.139,8.319,317675,6.901,16.637,D,D,D
1979,h) 2500 to 4999,1443,54801,3542879,3414677,6653,12.563,2965,5.599,570107,189759,380348,5.557,16.696,317516,95213,222303,2.788,9.299,252591,7.397,18.597,0,0,0
1979,i) 5000 to 9999,856,57812,3990892,3897764,4277,7.456,3377,5.887,567738,136873,430865,3.512,14.566,382639,96283,286356,2.470,9.817,185099,4.749,19.634,0,0,0
1979,j) 10000+,749,234490,18753863,18406247,17597,7.556,14394,6.181,2367078,541596,1825482,2.942,12.860,1658586,400332,1258254,2.175,9.011,708492,3.849,18.022,0,0,0
1980,a) 1 to 4,2202635,2211060,5204405,5176167,454644,20.775,409462,18.710,1761254,1178277,582977,22.764,34.026,1706619,1022759,683860,19.759,32.971,54635,1.056,65.941,328982,330213,835336
1980,b) 5 to 9,715112,735013,5025058,5055846,37945,5.177,33879,4.622,1102499,454239,648260,8.984,21.806,1162893,404101,758792,7.993,23.001,-60394,-1.195,43.613,25136,26186,332511
1980,c) 10 to 19,426089,464657,5960915,5983465,17653,3.803,16669,3.591,1106747,364842,741905,6.098,18.497,1150996,336844,814152,5.630,19.236,-44249,-0.740,36.994,10025,11007,269104
1980,d) 20 to 99,342658,468648,13657147,13647845,18535,3.963,16716,3.574,2210256,574609,1635647,4.210,16.195,2192551,529049,1663502,3.876,16.065,17705,0.130,32.130,5082,6358,364070
1980,e) 100 to 499,51770,183454,9952382,9881349,12942,7.124,9358,5.151,1491538,370698,1120840,3.751,15.094,1352890,328035,1024855,3.320,13.691,138648,1.403,27.383,325,751,111473
1980,f) 500 to 999,5925,57470,3640154,3607745,4985,8.808,3238,5.721,486222,140696,345526,3.900,13.477,421593,103407,318186,2.866,11.686,64629,1.791,23.372,14,58,18697
1980,g) 1000 to 2499,3745,71386,4864999,4789652,6991,10.015,3826,5.481,605874,170114,435760,3.552,12.650,453230,111700,341530,2.332,9.463,152644,3.187,18.925,D,D,D
1980,h) 2500 to 4999,1457,55817,3598898,3572948,4788,8.670,3605,6.528,435853,134882,300971,3.775,12.199,380681,102818,277863,2.878,10.655,55172,1.544,21.309,D,D,D
1980,i) 5000 to 9999,861,59731,3945612,3897097,4644,7.894,2837,4.823,474242,159492,314750,4.093,12.169,378898,87779,291119,2.252,9.723,95344,2.447,19.445,0,0,0
1980,j) 10000+,813,244348,19216427,19252093,15623,6.402,15004,6.148,2113971,511683,1602288,2.658,10.980,2186083,465150,1720933,2.416,11.355,-72112,-0.375,21.961,0,0,0
1981,a) 1 to 4,2226733,2234541,5274114,5231300,445777,20.050,423403,19.043,1783086,1174257,608829,22.447,34.085,1697667,1048413,649254,20.041,32.452,85419,1.633,64.904,336761,338438,854007
1981,b) 5 to 9,718527,739151,5107860,5063662,39177,5.325,32414,4.405,1165478,487196,678282,9.621,23.017,1077722,392510,685212,7.752,21.283,87756,1.733,42.567,24773,26133,328196
1981,c) 10 to 19,426246,465308,6026105,5979927,18794,4.055,15077,3.253,1174339,423075,751264,7.075,19.638,1081121,329929,751192,5.517,18.079,93218,1.559,36.158,10216,11256,274234
1981,d) 20 to 99,342912,471728,13737076,13623798,23352,4.993,15202,3.251,2336576,747205,1589371,5.485,17.151,2107738,525330,1582408,3.856,15.471,228838,1.680,30.942,5282,6696,372044
1981,e) 100 to 499,52155,189044,9956869,9895026,15335,8.242,9343,5.022,1518038,474730,1043308,4.798,15.341,1391853,309671,1082182,3.130,14.066,126185,1.275,28.132,338,891,113729
1981,f) 500 to 999,6019,58113,3633304,3598153,5588,9.846,2873,5.062,517898,168532,349366,4.684,14.393,445113,105486,339627,2.932,12.371,72785,2.023,24.741,13,240,18457
1981,g) 1000 to 2499,3899,72861,4927094,4894138,6961,9.768,3770,5.290,600476,196763,403713,4.020,12.269,535213,136783,398430,2.795,10.936,65263,1.333,21.872,8,25,26597
1981,h) 2500 to 4999,1518,62152,3722264,3709375,6202,10.270,2679,4.436,431331,145177,286154,3.914,11.628,403835,79717,324118,2.149,10.887,27496,0.741,21.774,0,0,0
1981,i) 5000 to 9999,915,63900,3875540,3848382,5820,9.313,3012,4.820,449086,142802,306284,3.711,11.669,394215,85973,308242,2.234,10.244,54871,1.426,20.487,D,D,D
1981,j) 10000+,890,254818,19528488,19573617,19113,7.557,15303,6.051,2169828,619906,1549922,3.167,11.085,2261515,478497,1783018,2.445,11.554,-91687,-0.468,22.171,0,0,0
1982,a) 1 to 4,2207384,2216067,5265300,5264210,438848,19.735,454034,20.418,1797008,1145127,651881,21.753,34.136,1793074,1137291,655783,21.604,34.062,3934,0.075,68.123,360859,362370,931822
1982,b) 5 to 9,720275,740966,5062419,5088951,39504,5.340,37138,5.020,1121572,448284,673288,8.809,22.039,1173781,432969,740812,8.508,23.065,-52209,-1.026,44.079,27521,28648,365836
1982,c) 10 to 19,424707,463378,5923288,5957803,20250,4.373,19700,4.254,1137391,393984,743407,6.613,19.091,1205328,376379,828949,6.317,20.231,-67937,-1.140,38.182,11501,12601,308958
1982,d) 20 to 99,339861,470962,13514777,13548261,20157,4.289,18113,3.854,2292522,651911,1640611,4.812,16.921,2361020,589007,1772013,4.347,17.427,-68498,-0.506,33.842,6179,7722,439731
1982,e) 100 to 499,52246,195479,10007151,9972403,12675,6.559,8206,4.246,1551526,413010,1138516,4.142,15.558,1484118,301170,1182948,3.020,14.882,67408,0.676,29.765,413,1025,134737
1982,f) 500 to 999,5893,61094,3588475,3571728,4502,7.468,2877,4.773,463535,110341,353194,3.089,12.978,429426,88196,341230,2.469,12.023,34109,0.955,24.046,13,62,17910
1982,g) 1000 to 2499,3961,76737,5084015,5045912,6008,7.916,4321,5.694,597093,176887,420206,3.506,11.833,519068,121628,397440,2.410,10.287,78025,1.546,20.574,7,8,22954
1982,h) 2500 to 4999,1499,59914,3685785,3683605,4764,8.060,3148,5.326,435168,135689,299479,3.684,11.814,427155,101409,325746,2.753,11.596,8013,0.218,23.192,0,0,0
1982,i) 5000 to 9999,913,69173,3994587,4005582,5876,8.585,4422,6.461,471243,163918,307325,4.092,11.765,494204,128551,365653,3.209,12.338,-22961,-0.573,23.529,0,0,0
1982,j) 10000+,968,263289,18848042,19192208,22647,8.655,19412,7.418,1989664,585613,1404051,3.051,10.367,2670921,580853,2090068,3.027,13.917,-681257,-3.550,20.734,0,0,0
1983,a) 1 to 4,2286679,2295150,5451447,5327641,490140,21.772,402272,17.869,1876836,1267449,609387,23.790,35.228,1628535,1019396,609139,19.134,30.568,248301,4.661,61.135,319519,321061,839449
1983,b) 5 to 9,731750,752990,5176241,5145770,39689,5.294,33066,4.411,1122181,467285,654896,9.081,21.808,1061906,399332,662574,7.760,20.636,60275,1.171,41.273,25810,27152,342420
1983,c) 10 to 19,424817,466102,5947701,5950287,19650,4.225,17514,3.766,1110240,398774,711466,6.702,18.659,1115638,355738,759900,5.979,18.749,-5398,-0.091,37.317,11170,12510,300038
1983,d) 20 to 99,337259,471283,13351367,13394551,22319,4.745,20466,4.351,2225464,660013,1565451,4.927,16.615,2308992,597187,1711805,4.458,17.238,-83528,-0.624,33.229,6086,8137,432497
1983,e) 100 to 499,51990,195909,9786777,9853370,14311,7.324,13280,6.797,1537108,438345,1098763,4.449,15.600,1669047,372407,1296640,3.779,16.939,-131939,-1.339,31.200,403,1132,132456
1983,f) 500 to 999,6111,61289,3549454,3581719,4676,7.653,4301,7.039,477643,129744,347899,3.622,13.336,542490,107584,434906,3.004,15.146,-64847,-1.810,26.671,5,5,6796
1983,g) 1000 to 2499,4009,75776,4965366,4967397,6375,8.453,5654,7.497,619144,214901,404243,4.326,12.464,623517,147004,476513,2.959,12.552,-4373,-0.088,24.928,5,6,16057
1983,h) 2500 to 4999,1589,60496,3628247,3681547,4858,8.090,3962,6.598,432423,138949,293474,3.774,11.746,540363,120621,419742,3.276,14.678,-107940,-2.932,23.491,D,D,D
1983,i) 5000 to 9999,991,68080,3931966,3978800,5018,7.367,5091,7.474,498030,141295,356735,3.551,12.517,589431,154162,435269,3.875,14.814,-91401,-2.297,25.034,D,D,D
1983,j) 10000+,1082,265824,18252619,18620097,17574,6.537,23632,8.790,2283351,562467,1720884,3.021,12.263,3032584,834935,2197649,4.484,16.287,-749233,-4.024,24.526,0,0,0
1984,a) 1 to 4,2392619,2400928,5831950,5522548,556464,23.955,400488,17.241,2186046,1462840,723206,26.488,39.584,1563176,1010458,552718,18.297,28.305,622870,11.279,56.611,322877,324649,839069
1984,b) 5 to 9,760868,783026,5548218,5343056,41160,5.286,32388,4.160,1356657,512904,843753,9.599,25.391,947057,387198,559859,7.247,17.725,409600,7.666,35.450,24954,26357,331451
1984,c) 10 to 19,439286,481058,6391255,6160007,18395,3.832,16429,3.422,1389171,418161,971010,6.788,22.551,926322,342857,583465,5.566,15.038,462849,7.514,30.075,10836,12232,291698
1984,d) 20 to 99,349506,483483,14471020,13894779,19911,4.132,16657,3.457,2879819,662018,2217801,4.765,20.726,1727451,547577,1179874,3.941,12.432,1152368,8.294,24.865,5683,7159,402976
1984,e) 100 to 499,53922,201449,10598036,10224565,14727,7.387,10579,5.306,1923433,425599,1497834,4.163,18.812,1175351,317227,858124,3.103,11.495,748082,7.317,22.991,381,695,128014
1984,f) 500 to 999,6119,64384,3825974,3699141,5200,8.181,3560,5.601,609692,159008,450684,4.299,16.482,357400,86980,270420,2.351,9.662,252292,6.820,19.323,9,9,12370
1984,g) 1000 to 2499,4032,79425,5188871,5074252,7030,9.005,4310,5.521,685129,192762,492367,3.799,13.502,460213,112849,347364,2.224,9.070,224916,4.432,18.139,6,25,16748
1984,h) 2500 to 4999,1621,60717,3870486,3773066,5274,8.841,3152,5.284,576614,168385,408229,4.463,15.282,381446,105495,275951,2.796,10.110,195168,5.173,20.219,3,3,21529
1984,i) 5000 to 9999,949,70118,3992122,3929030,5867,8.516,3412,4.953,515330,144724,370606,3.683,13.116,388346,87715,300631,2.232,9.884,126984,3.232,19.768,0,0,0
1984,j) 10000+,979,279928,18955181,18655908,25026,9.047,18429,6.662,2657307,961614,1695693,5.154,14.244,2051634,634231,1417403,3.400,10.997,605673,3.247,21.994,D,D,D
1985,a) 1 to 4,2400458,2408357,5867642,5690597,540382,22.788,466461,19.670,2151187,1433565,717622,25.192,37.802,1792363,1197329,595034,21.040,31.497,358824,6.306,62.994,375279,377467,992169
1985,b) 5 to 9,788312,809866,5689266,5585669,42865,5.300,40630,5.024,1350059,534614,815445,9.571,24.170,1143043,499915,643128,8.950,20.464,207016,3.706,40.928,31998,33653,425578
1985,c) 10 to 19,456294,496174,6559144,6451005,19670,3.961,20601,4.148,1369420,439725,929695,6.816,21.228,1152982,471392,681590,7.307,17.873,216438,3.355,35.746,14699,16244,397929
1985,d) 20 to 99,365466,496030,14977949,14723388,18276,3.682,18885,3.805,2769871,689359,2080512,4.682,18.813,2260226,840833,1419393,5.711,15.351,509645,3.461,30.703,8936,11085,653948
1985,e) 100 to 499,57059,208700,11207795,10921257,14556,7.045,10388,5.028,1986161,456615,1529546,4.181,18.186,1413116,455714,957402,4.173,12.939,573045,5.247,25.878,713,1679,247891
1985,f) 500 to 999,6418,64677,3981896,3887803,5771,9.025,4309,6.738,673828,182133,491695,4.685,17.332,482641,150317,332324,3.866,12.414,191187,4.918,24.828,38,489,51559
1985,g) 1000 to 2499,4206,83155,5486426,5383757,7917,9.647,5736,6.990,776901,208026,568875,3.864,14.430,567461,178926,388535,3.323,10.540,209440,3.890,21.080,12,91,35011
1985,h) 2500 to 4999,1583,59653,3800398,3751801,5359,9.107,3745,6.364,553551,184683,368868,4.923,14.754,455394,147882,307512,3.942,12.138,98157,2.616,24.276,D,D,D
1985,i) 5000 to 9999,975,76510,4215857,4164030,6352,8.377,4991,6.582,601901,220095,381806,5.286,14.455,497879,137605,360274,3.305,11.957,104022,2.498,23.913,0,0,0
1985,j) 10000+,1018,283099,19788749,19576510,21775,7.646,25176,8.840,2676950,809872,1867078,4.137,13.674,2262935,773778,1489157,3.953,11.559,414015,2.115,23.119,0,0,0
1986,a) 1 to 4,2432873,2441541,5940423,5774020,539310,22.479,454637,18.949,2146811,1437055,709756,24.888,37.181,1809759,1190374,619385,20.616,31.343,337052,5.837,62.686,362469,364405,976520
1986,b) 5 to 9,813098,835356,5841568,5731036,46948,5.648,38715,4.658,1376470,554902,821568,9.682,24.018,1155367,479735,675632,8.371,20.160,221103,3.858,40.320,30796,32181,409299
1986,c) 10 to 19,474542,515897,6780570,6646330,25546,4.985,18769,3.662,1431643,498760,932883,7.504,21.540,1163021,421266,741755,6.338,17.499,268622,4.042,34.997,13351,14944,359227
1986,d) 20 to 99,382844,520556,15604762,15291110,33238,6.464,20606,4.007,3038132,935026,2103106,6.115,19.869,2410058,732429,1677629,4.790,15.761,628074,4.107,31.522,7481,9664,541846
1986,e) 100 to 499,59038,208495,11293986,11163553,16306,7.880,13167,6.363,2015754,546863,1468891,4.899,18.057,1753388,440983,1312405,3.950,15.706,262366,2.350,31.413,589,1162,200072
1986,f) 500 to 999,6728,68065,4072878,4043288,6731,10.102,3864,5.799,643506,190317,453189,4.707,15.915,582528,138227,444301,3.419,14.407,60978,1.508,28.815,26,196,33555
1986,g) 1000 to 2499,4357,85566,5627697,5508030,8585,10.246,5036,6.010,898234,290202,608032,5.269,16.308,654623,148035,506588,2.688,11.885,243611,4.423,23.770,9,62,23730
1986,h) 2500 to 4999,1769,64268,4166721,4070487,6008,9.489,4102,6.479,670131,181368,488763,4.456,16.463,477252,101592,375660,2.496,11.725,192879,4.738,23.449,0,0,0
1986,i) 5000 to 9999,1039,77291,4307714,4250768,6376,8.293,5563,7.236,590363,166783,423580,3.924,13.888,477196,137310,339886,3.230,11.226,113167,2.662,22.452,D,D,D
1986,j) 10000+,1062,295691,20283741,20206066,22582,7.679,19353,6.581,2412227,756013,1656214,3.742,11.938,2258334,579390,1678944,2.867,11.177,153893,0.762,22.353,0,0,0
1987,a) 1 to 4,2459506,2467251,6006990,5858363,545966,22.473,470369,19.361,2174530,1451770,722760,24.781,37.118,1875711,1235610,640101,21.091,32.018,298819,5.101,64.035,378865,380737,1023262
1987,b) 5 to 9,830142,851097,5965350,5866986,49412,5.819,45406,5.348,1424803,572655,852148,9.761,24.285,1229144,521172,707972,8.883,20.950,195659,3.335,41.900,33036,34464,437960
1987,c) 10 to 19,486305,527553,6938641,6833818,27019,5.129,25439,4.829,1498981,521495,977486,7.631,21.935,1290178,490326,799852,7.175,18.879,208803,3.055,37.759,14966,16265,402381
1987,d) 20 to 99,390736,537774,15987967,15725060,33327,6.243,25484,4.774,3185036,988531,2196505,6.286,20.255,2662919,856455,1806464,5.446,16.934,522117,3.320,33.868,8822,11017,641245
1987,e) 100 to 499,61824,223924,12091144,11803751,21874,9.937,14270,6.483,2426970,833742,1593228,7.063,20.561,1855898,527399,1328499,4.468,15.723,571072,4.838,31.446,739,1683,253654
1987,f) 500 to 999,7186,70791,4309538,4204406,6952,9.991,4541,6.526,794510,317520,476990,7.552,18.897,583090,170744,412346,4.061,13.869,211420,5.029,27.737,27,244,36943
1987,g) 1000 to 2499,4501,85836,5764859,5761168,9571,11.370,6257,7.433,915637,385988,529649,6.700,15.893,906735,217379,689356,3.773,15.739,8902,0.155,31.477,10,274,27198
1987,h) 2500 to 4999,1850,72208,4226622,4249211,7360,10.366,4942,6.961,633917,237007,396910,5.578,14.918,681338,178159,503179,4.193,16.034,-47421,-1.116,29.837,D,D,D
1987,i) 5000 to 9999,1131,81835,4474696,4495630,8605,10.678,6108,7.579,640076,240450,399626,5.349,14.238,678500,190881,487619,4.246,15.092,-38424,-0.855,28.475,0,0,0
1987,j) 10000+,1106,306200,20120312,20245464,30312,9.975,25681,8.451,2634618,970207,1664411,4.792,13.013,2881796,894242,1987554,4.417,14.234,-247178,-1.221,26.027,0,0,0
1988,a) 1 to 4,2492804,2500116,6076440,5936890,539323,21.905,463294,18.817,2150762,1425892,724870,24.017,36.227,1869480,1191799,677681,20.074,31.489,281282,4.738,62.978,371667,373643,984970
1988,b) 5 to 9,849606,870357,6095348,6001288,46402,5.355,38728,4.469,1392289,545378,846911,9.088,23.200,1204366,474499,729867,7.907,20.068,187923,3.131,40.137,30786,32418,408366
1988,c) 10 to 19,500429,544125,7153985,7041602,23992,4.425,20004,3.690,1456338,484306,972032,6.878,20.682,1232213,434204,798009,6.166,17.499,224125,3.183,34.998,13973,15717,376132
1988,d) 20 to 99,403005,557518,16475521,16218349,32244,5.834,22512,4.073,3062550,894544,2168006,5.516,18.883,2547447,783144,1764303,4.829,15.707,515103,3.176,31.414,8137,10924,595781
1988,e) 100 to 499,64286,237806,12424507,12241192,24743,10.622,14998,6.439,2302562,746802,1555760,6.101,18.810,1933967,560860,1373107,4.582,15.799,368595,3.011,31.598,781,2168,278886
1988,f) 500 to 999,7538,75390,4514921,4449839,8445,11.436,5360,7.258,777551,268828,508723,6.041,17.474,650345,195114,455231,4.385,14.615,127206,2.859,29.230,36,197,49706
1988,g) 1000 to 2499,4766,92449,6113278,5980600,11713,13.049,6345,7.068,1007468,391142,616326,6.540,16.846,739489,248946,490543,4.163,12.365,267979,4.481,24.730,18,153,51424
1988,h) 2500 to 4999,1844,76622,4300386,4230806,8467,11.180,6685,8.827,683784,291400,392384,6.888,16.162,544318,192586,351732,4.552,12.866,139466,3.296,25.731,3,119,20790
1988,i) 5000 to 9999,1094,78809,4615053,4607495,8490,10.866,7144,9.143,712470,256100,456370,5.558,15.463,696474,233713,462761,5.072,15.116,15996,0.347,30.232,D,D,D
1988,j) 10000+,986,326146,20633083,20500285,35388,10.996,26728,8.305,2845291,953375,1891916,4.651,13.879,2587188,785699,1801489,3.833,12.620,258103,1.259,25.241,0,0,0
1989,a) 1 to 4,2518712,2526977,6126283,5987929,529633,21.259,458446,18.401,2135277,1406652,728625,23.491,35.660,1856930,1186920,670010,19.822,31.011,278347,4.648,62.022,373195,375368,995634
1989,b) 5 to 9,865918,888218,6215103,6109767,45486,5.138,39768,4.492,1416822,549818,867004,8.999,23.189,1206949,489907,717042,8.018,19.754,209873,3.435,39.509,32377,34401,430200
1989,c) 10 to 19,512503,558208,7331309,7201333,22648,4.066,20190,3.625,1471562,476283,995279,6.614,20.435,1211325,442147,769178,6.140,16.821,260237,3.614,33.642,14368,16812,388050
1989,d) 20 to 99,415673,572559,16998502,16657878,30323,5.331,22712,3.993,3120629,890712,2229917,5.347,18.734,2440032,832314,1607718,4.997,14.648,680597,4.086,29.296,8822,12270,640169
1989,e) 100 to 499,66808,245477,12961542,12676255,21962,9.066,15525,6.408,2270055,649763,1620292,5.126,17.908,1697566,526055,1171511,4.150,13.392,572489,4.516,26.783,698,2466,233872
1989,f) 500 to 999,7759,79090,4651716,4556642,8321,10.745,5016,6.477,720116,229171,490945,5.029,15.804,527700,156665,371035,3.438,11.581,192416,4.223,23.162,24,287,33475
1989,g) 1000 to 2499,5055,97679,6437366,6302032,10693,11.203,6235,6.532,942840,302654,640186,4.802,14.961,676077,207379,468698,3.291,10.728,266763,4.233,21.456,17,149,46456
1989,h) 2500 to 4999,1947,82346,4628776,4539954,8137,10.048,5410,6.680,688293,251508,436785,5.540,15.161,511786,163448,348338,3.600,11.273,176507,3.888,22.546,3,3,18150
1989,i) 5000 to 9999,1122,84354,4775948,4728969,6905,8.212,6374,7.580,685876,226600,459276,4.792,14.504,587068,181061,406007,3.829,12.414,98808,2.089,24.829,0,0,0
1989,j) 10000+,1049,337853,21226507,21128149,40050,11.976,33187,9.924,2825276,964134,1861142,4.563,13.372,2656673,802164,1854509,3.797,12.574,168603,0.798,25.148,0,0,0
1990,a) 1 to 4,2540734,2549159,6181562,6052659,523871,20.807,460981,18.310,2129801,1393588,736213,23.024,35.188,1871821,1192478,679343,19.702,30.926,257980,4.262,61.851,377086,379764,1007727
1990,b) 5 to 9,880675,903539,6287564,6214507,43455,4.818,40261,4.464,1395327,527206,868121,8.483,22.453,1250025,494039,755986,7.950,20.115,145302,2.338,40.229,32862,35054,436173
1990,c) 10 to 19,523579,569190,7448526,7360070,21557,3.793,19941,3.508,1448796,462077,986719,6.278,19.685,1272692,448080,824612,6.088,17.292,176104,2.393,34.584,14848,16941,399559
1990,d) 20 to 99,428357,586304,17331455,17115335,28260,4.852,20632,3.542,2960612,852510,2108102,4.981,17.298,2530064,752770,1777294,4.398,14.782,430548,2.516,29.565,8374,11168,600983
1990,e) 100 to 499,69054,254484,13256293,13103803,20354,8.090,14576,5.793,2066589,611610,1454979,4.667,15.771,1762386,478212,1284174,3.649,13.449,304203,2.321,26.899,707,1911,237237
1990,f) 500 to 999,7971,83155,4798132,4721702,9305,11.473,5196,6.407,695120,215601,479519,4.566,14.722,541015,132766,408249,2.812,11.458,154105,3.264,22.916,15,41,20216
1990,g) 1000 to 2499,5123,103230,6615620,6550757,9453,9.295,6389,6.282,853058,287713,565345,4.392,13.022,724060,173593,550467,2.650,11.053,128998,1.969,22.106,5,5,12215
1990,h) 2500 to 4999,1946,84010,4787974,4714965,8729,10.622,5059,6.156,629888,222129,407759,4.711,13.359,481973,123265,358708,2.614,10.222,147915,3.137,20.444,D,D,D
1990,i) 5000 to 9999,1118,87759,4904642,4829648,6589,7.560,5378,6.171,674222,208775,465447,4.323,13.960,526152,126504,399648,2.619,10.894,148070,3.066,21.788,0,0,0
1990,j) 10000+,1078,350306,22074832,21941374,28813,8.276,24540,7.048,2648088,784843,1863245,3.577,12.069,2377425,643172,1734253,2.931,10.835,270663,1.234,21.671,0,0,0
1991,a) 1 to 4,2527216,2536304,6020405,6074038,481149,18.961,483576,19.057,1916928,1254112,662816,20.647,31.559,2025902,1256726,769176,20.690,33.353,-108974,-1.794,63.119,389572,392247,1047931
1991,b) 5 to 9,883721,908833,6162126,6235578,44906,4.948,42464,4.679,1258515,506602,751913,8.124,20.183,1404093,528450,875643,8.475,22.517,-145578,-2.335,40.366,34740,36498,462909
1991,c) 10 to 19,524588,576822,7240332,7344798,30454,5.316,22534,3.934,1312056,494397,817659,6.731,17.864,1520876,514864,1006012,7.010,20.707,-208820,-2.843,35.727,16719,18877,456044
1991,d) 20 to 99,419846,596266,16496811,16831347,45574,7.748,29459,5.008,2735858,987609,1748249,5.868,16.255,3404720,1079120,2325600,6.411,20.228,-668862,-3.974,32.509,11564,15348,858122
1991,e) 100 to 499,67019,261635,12618359,12835192,23823,9.230,16746,6.488,1833180,645537,1187643,5.029,14.282,2270012,663699,1606313,5.171,17.686,-436832,-3.403,28.565,1127,3234,385163
1991,f) 500 to 999,7921,81736,4647875,4702181,8035,9.941,6211,7.685,602041,206111,395930,4.383,12.803,711345,208509,502836,4.434,15.128,-109304,-2.325,25.607,53,320,71853
1991,g) 1000 to 2499,5166,106812,6579499,6613603,10488,9.950,7674,7.280,789599,288927,500672,4.369,11.939,860123,250684,609439,3.790,13.005,-70524,-1.066,23.878,21,51,59276
1991,h) 2500 to 4999,1964,83212,4667961,4693098,8879,10.882,5645,6.918,540557,195466,345091,4.165,11.518,591917,169033,422884,3.602,12.613,-51360,-1.094,23.036,D,D,D
1991,i) 5000 to 9999,1168,90186,4858450,4889772,6200,6.869,6346,7.031,541350,168949,372401,3.455,11.071,601207,164377,436830,3.362,12.295,-59857,-1.224,22.142,0,0,0
1991,j) 10000+,1012,364228,22166556,22358257,30762,8.473,28389,7.820,2450253,864250,1586003,3.865,10.959,2841018,663492,2177526,2.968,12.707,-390765,-1.748,21.918,D,D,D
1992,a) 1 to 4,2547226,2552947,6085297,6060194,475826,18.696,460094,18.078,1934595,1229183,705412,20.283,31.923,1885906,1161914,723992,19.173,31.120,48689,0.803,62.239,363231,365939,951254
1992,b) 5 to 9,877697,898105,6182455,6166183,42351,4.711,44054,4.901,1289602,470215,819387,7.626,20.914,1257915,480787,777128,7.797,20.400,31687,0.514,40.800,30145,32022,399759
1992,c) 10 to 19,515778,566466,7228214,7235328,25030,4.415,25988,4.584,1371883,434418,937465,6.004,18.961,1386794,459840,926954,6.355,19.167,-14911,-0.206,37.922,13522,15126,365534
1992,d) 20 to 99,410560,599304,16437152,16349427,31516,5.284,25818,4.329,2846386,792928,2053458,4.850,17.410,2671890,762013,1909877,4.661,16.342,174496,1.067,32.685,7721,10719,561653
1992,e) 100 to 499,65541,271239,12636966,12553653,19219,7.129,15953,5.917,1989710,562439,1427271,4.480,15.850,1822853,489259,1333594,3.897,14.520,166857,1.329,29.041,690,2199,235995
1992,f) 500 to 999,7772,82051,4602326,4567328,8178,10.132,5508,6.824,661674,229153,432521,5.017,14.487,592841,151303,441538,3.313,12.980,68833,1.507,25.960,27,421,36390
1992,g) 1000 to 2499,5125,110196,6655375,6630413,9351,8.516,8565,7.800,864795,259708,605087,3.917,13.043,813523,254354,559169,3.836,12.270,51272,0.773,24.539,14,109,49203
1992,h) 2500 to 4999,1999,81234,4769817,4752249,7054,8.673,7252,8.916,607632,176556,431076,3.715,12.786,571775,177227,394548,3.729,12.032,35857,0.755,24.063,3,3,21480
1992,i) 5000 to 9999,1133,95084,5041839,5042945,6245,6.563,6393,6.718,636238,211036,425202,4.185,12.616,638095,181500,456595,3.599,12.653,-1857,-0.037,25.233,D,D,D
1992,j) 10000+,925,358975,21799315,22065570,24475,6.725,34379,9.447,2473684,764229,1709455,3.463,11.211,2999186,1001677,1997509,4.540,13.592,-525502,-2.382,22.421,D,D,D
1993,a) 1 to 4,2601346,2606936,6236442,6093081,503056,19.599,422565,16.463,2032007,1293561,738446,21.230,33.349,1743677,1060306,683371,17.402,28.617,288330,4.732,57.235,339871,341484,884705
1993,b) 5 to 9,887695,906264,6291195,6214201,38315,4.238,33956,3.756,1313642,463304,850338,7.456,21.139,1159362,411129,748233,6.616,18.657,154280,2.483,37.313,27220,28801,360377
1993,c) 10 to 19,520116,570860,7346892,7258483,19255,3.376,18403,3.226,1371554,409286,962268,5.639,18.896,1195824,379051,816773,5.222,16.475,175730,2.421,32.950,12082,13822,325693
1993,d) 20 to 99,415795,603532,16729406,16512209,22719,3.762,23508,3.893,2783011,703181,2079830,4.259,16.854,2349364,644629,1704735,3.904,14.228,433647,2.626,28.456,6596,9892,480297
1993,e) 100 to 499,67374,272563,13062123,12844683,16131,5.885,19245,7.021,2084059,498554,1585505,3.881,16.225,1650790,451699,1199091,3.517,12.852,433269,3.373,25.704,549,2749,188889
1993,f) 500 to 999,7801,80333,4665273,4602361,5847,7.279,5832,7.260,674459,176067,498392,3.826,14.655,548845,162204,386641,3.524,11.925,125614,2.729,23.851,24,290,32119
1993,g) 1000 to 2499,5111,109779,6696878,6641911,8461,7.743,7453,6.820,850293,230651,619642,3.473,12.802,737433,217884,519549,3.280,11.103,112860,1.699,22.205,14,75,37886
1993,h) 2500 to 4999,2003,86593,5006289,4971470,6154,7.047,7620,8.726,596731,159752,436979,3.213,12.003,528109,160781,367328,3.234,10.623,68622,1.380,21.246,D,D,D
1993,i) 5000 to 9999,1147,89979,5020791,4984975,5486,6.089,5734,6.364,609210,180864,428346,3.628,12.221,536014,143699,392315,2.883,10.753,73196,1.468,21.505,0,0,0
1993,j) 10000+,1079,355400,22047023,22160432,24671,6.809,38512,10.629,2610807,740470,1870337,3.341,11.781,2850711,828870,2021841,3.740,12.864,-239904,-1.083,23.563,0,0,0
1994,a) 1 to 4,2651098,2657150,6304029,6205146,508607,19.414,433810,16.559,2036422,1296978,739444,20.902,32.818,1839458,1095067,744391,17.648,29.644,196964,3.174,59.288,349839,351759,913963
1994,b) 5 to 9,899498,918843,6370730,6315087,39344,4.288,36542,3.983,1319320,471394,847926,7.465,20.892,1207604,432148,775456,6.843,19.123,111716,1.769,38.245,28348,30398,376581
1994,c) 10 to 19,528143,576920,7474642,7393467,21423,3.718,19970,3.466,1384791,423786,961005,5.732,18.730,1222672,399212,823460,5.400,16.537,162119,2.193,33.074,12714,14856,342849
1994,d) 20 to 99,425260,612361,17288027,17006160,26224,4.300,21262,3.486,2861451,786136,2075315,4.623,16.826,2297962,668146,1629816,3.929,13.513,563489,3.313,27.025,7289,11173,531631
1994,e) 100 to 499,69353,276758,13524647,13246441,18201,6.633,13450,4.902,2102603,550057,1552546,4.152,15.873,1547572,432295,1115277,3.263,11.683,555031,4.190,23.366,637,2068,214223
1994,f) 500 to 999,8084,82625,4858574,4768595,7680,9.414,5586,6.847,686067,207273,478794,4.347,14.387,506378,140100,366278,2.938,10.619,179689,3.768,21.238,30,255,38812
1994,g) 1000 to 2499,5389,111926,6889854,6787571,10448,9.459,7515,6.803,906268,276422,629846,4.072,13.352,701370,196756,504614,2.899,10.333,204898,3.019,20.666,15,272,39661
1994,h) 2500 to 4999,2130,90368,5154132,5105719,8849,9.993,5212,5.886,599162,184179,414983,3.607,11.735,503925,163451,340474,3.201,9.870,95237,1.865,19.740,3,3,17991
1994,i) 5000 to 9999,1235,92251,5237854,5169371,8814,9.710,5853,6.448,677179,242412,434767,4.689,13.100,537904,130069,407835,2.516,10.406,139275,2.694,20.811,0,0,0
1994,j) 10000+,1213,372320,22547379,22545289,32687,8.793,31564,8.490,2718348,932197,1786151,4.135,12.057,2707641,872785,1834856,3.871,12.010,10707,0.047,24.020,0,0,0
1995,a) 1 to 4,2714349,2720480,6448088,6277863,528421,19.774,432084,16.169,2110070,1348002,762068,21.472,33.611,1767337,1080580,686757,17.213,28.152,342733,5.459,56.304,349958,351904,906413
1995,b) 5 to 9,906826,926227,6469440,6353223,39624,4.289,34919,3.780,1354401,485074,869327,7.635,21.318,1122631,420896,701735,6.625,17.670,231770,3.648,35.341,28024,30008,371847
1995,c) 10 to 19,536613,584148,7653247,7495498,20732,3.555,18891,3.239,1433158,434059,999099,5.791,19.120,1117410,389615,727795,5.198,14.908,315748,4.213,29.815,12593,14887,341018
1995,d) 20 to 99,439475,626927,17952727,17539100,25946,4.157,20518,3.287,2984438,789247,2195191,4.500,17.016,2155697,673122,1482575,3.838,12.291,828741,4.725,24.582,7398,11899,551863
1995,e) 100 to 499,72527,281014,14059317,13752495,19067,6.861,12872,4.632,2183409,589245,1594164,4.285,15.876,1571199,434522,1136677,3.160,11.425,612210,4.452,22.850,631,2098,219224
1995,f) 500 to 999,8234,88436,5017742,4905956,8017,9.220,5042,5.799,739512,233483,506029,4.759,15.074,516045,134207,381838,2.736,10.519,223467,4.555,21.037,30,472,41209
1995,g) 1000 to 2499,5403,114678,6974182,6843888,11866,10.545,7557,6.716,932531,320567,611964,4.684,13.626,672237,184618,487619,2.698,9.822,260294,3.803,19.645,10,416,28898
1995,h) 2500 to 4999,2280,95412,5621843,5505496,10432,11.225,5472,5.888,746102,247910,498192,4.503,13.552,511320,125311,386009,2.276,9.287,234782,4.265,18.575,D,D,D
1995,i) 5000 to 9999,1336,93342,5226736,5160814,10273,11.269,5909,6.482,713556,267564,445992,5.185,13.826,581056,152893,428163,2.963,11.259,132500,2.567,22.518,0,0,0
1995,j) 10000+,1177,391183,23592984,23446478,31785,8.128,31518,8.060,2837316,969338,1867978,4.134,12.101,2539154,718334,1820820,3.064,10.830,298162,1.272,21.659,0,0,0
1996,a) 1 to 4,2743336,2749290,6479065,6354303,522429,19.256,450100,16.590,2076633,1332810,743823,20.975,32.681,1826063,1125589,700474,17.714,28.737,250570,3.943,57.475,364924,366889,945254
1996,b) 5 to 9,915341,934444,6496848,6424318,39646,4.250,36608,3.924,1321639,487089,834550,7.582,20.572,1175732,445233,730499,6.930,18.301,145907,2.271,36.603,29439,31383,392865
1996,c) 10 to 19,542308,587946,7658432,7574088,21141,3.601,19512,3.323,1372731,441793,930938,5.833,18.124,1203889,412190,791699,5.442,15.895,168842,2.229,31.790,13334,15388,360425
1996,d) 20 to 99,445093,631686,17948689,17783451,25899,4.115,21350,3.392,2775638,803602,1972036,4.519,15.608,2445428,736692,1708736,4.143,13.751,330210,1.857,27.502,8095,12823,600362
1996,e) 100 to 499,72241,285322,13873466,13750074,19378,6.871,12787,4.534,1998590,581081,1417509,4.226,14.535,1753326,459099,1294227,3.339,12.751,245264,1.784,25.503,737,2376,253056
1996,f) 500 to 999,8370,87938,5049353,4991440,7220,8.269,5982,6.851,714599,217296,497303,4.353,14.316,597265,164603,432662,3.298,11.966,117334,2.351,23.932,36,287,49048
1996,g) 1000 to 2499,5381,112355,6945573,6875062,10511,9.491,7293,6.585,906764,305617,601147,4.445,13.189,768053,200135,567918,2.911,11.172,138711,2.018,22.343,9,42,23486
1996,h) 2500 to 4999,2179,98490,5457692,5403909,10014,10.340,6733,6.952,686201,230500,455701,4.265,12.698,581259,143476,437783,2.655,10.756,104942,1.942,21.513,D,D,D
1996,i) 5000 to 9999,1315,108303,5593211,5521307,10396,9.745,7140,6.693,743231,261367,481864,4.734,13.461,601423,148987,452436,2.698,10.893,141808,2.568,21.786,0,0,0
1996,j) 10000+,1168,403913,24540268,24459201,35004,8.701,31818,7.909,3142465,1099989,2042476,4.497,12.848,2980038,813864,2166174,3.327,12.184,162427,0.664,24.367,0,0,0
1997,a) 1 to 4,2771405,2775714,6548374,6436595,525337,19.126,467263,17.012,2098239,1333827,764412,20.723,32.599,1872581,1179944,692637,18.332,29.093,225658,3.506,58.185,378381,381006,988143
1997,b) 5 to 9,924760,941114,6580590,6507828,42141,4.475,43176,4.585,1361812,496513,865299,7.629,20.926,1217378,492872,724506,7.574,18.706,144434,2.219,37.413,31469,33557,419723
1997,c) 10 to 19,549919,592940,7802792,7707876,24140,4.065,25998,4.378,1461555,451809,1009746,5.862,18.962,1272528,475827,796701,6.173,16.509,189027,2.452,33.019,14563,16846,393434
1997,d) 20 to 99,453953,641858,18539882,18210011,32392,5.058,29597,4.621,3245317,859273,2386044,4.719,17.822,2584289,877200,1707089,4.817,14.192,661028,3.630,28.383,8830,13454,655084
1997,e) 100 to 499,73694,292637,14404852,14121508,23432,8.109,16093,5.569,2458530,667861,1790669,4.729,17.410,1889952,575460,1314492,4.075,13.384,568578,4.026,26.767,887,3082,314277
1997,f) 500 to 999,8411,92182,5213489,5140245,9639,10.645,6368,7.033,820065,261708,558357,5.091,15.954,673046,210819,462227,4.101,13.094,147019,2.860,26.187,56,778,82268
1997,g) 1000 to 2499,5369,118478,7148066,7020500,13441,11.512,10006,8.570,1159115,412698,746417,5.878,16.510,902064,262223,639841,3.735,12.849,257051,3.661,25.698,14,422,37584
1997,h) 2500 to 4999,2160,93284,5505507,5487796,11002,11.913,9137,9.894,816236,288589,527647,5.259,14.874,780090,237742,542348,4.332,14.215,36146,0.659,28.430,3,3,21865
1997,i) 5000 to 9999,1217,103935,5587671,5554929,11741,11.395,9951,9.657,812324,288947,523377,5.202,14.623,748171,216668,531503,3.900,13.469,64153,1.155,26.937,0,0,0
1997,j) 10000+,1004,423543,25765217,25550996,43447,10.243,44714,10.541,3949974,1358382,2591592,5.316,15.459,3505385,1240904,2264481,4.857,13.719,444589,1.740,27.438,0,0,0
1998,a) 1 to 4,2801777,2804996,6595805,6501534,507641,18.291,448278,16.152,2040964,1282685,758279,19.729,31.392,1848014,1119319,728695,17.216,28.424,192950,2.968,56.849,352259,353656,901660
1998,b) 5 to 9,938045,951854,6681908,6618788,36062,3.789,36045,3.787,1330391,460233,870158,6.953,20.100,1203568,438514,765054,6.625,18.184,126823,1.916,36.368,27341,29045,364930
1998,c) 10 to 19,559762,600066,7971129,7879717,17795,2.960,20088,3.341,1425651,417988,1007663,5.305,18.093,1241563,417296,824267,5.296,15.756,184088,2.336,31.513,12739,14734,345219
1998,d) 20 to 99,467545,648098,19179313,18886551,21935,3.377,24873,3.829,3118670,794695,2323975,4.208,16.513,2533301,734407,1798894,3.889,13.413,585369,3.099,26.827,7407,11513,545794
1998,e) 100 to 499,77209,298497,15135212,14836075,21898,7.388,17671,5.962,2475547,650999,1824548,4.388,16.686,1880948,504692,1376256,3.402,12.678,594599,4.008,25.356,700,3867,252665
1998,f) 500 to 999,8873,95590,5424615,5316403,9959,10.610,6500,6.925,874746,252941,621805,4.758,16.454,656166,186313,469853,3.504,12.342,218580,4.111,24.685,37,312,49104
1998,g) 1000 to 2499,5643,122639,7371977,7210780,14207,11.909,7521,6.304,1098535,360536,737999,5.000,15.235,773381,205570,567811,2.851,10.725,325154,4.509,21.451,6,102,14141
1998,h) 2500 to 4999,2309,94142,5782277,5645846,10586,11.503,6359,6.910,840879,281426,559453,4.985,14.894,565715,160175,405540,2.837,10.020,275164,4.874,20.040,0,0,0
1998,i) 5000 to 9999,1371,114730,6100570,5939652,13892,12.378,8896,7.926,985342,317130,668212,5.339,16.589,662153,183968,478185,3.097,11.148,323189,5.441,22.296,0,0,0
1998,j) 10000+,1225,457399,27446271,27194550,48651,10.785,36021,7.985,3781116,1305838,2475278,4.802,13.904,3258734,1001409,2257325,3.682,11.983,522382,1.921,23.966,0,0,0
1999,a) 1 to 4,2809675,2813467,6564019,6500741,494889,17.716,454932,16.285,1995359,1236501,758858,19.021,30.694,1866780,1136756,730024,17.487,28.716,128579,1.978,57.433,356379,357783,910528
1999,b) 5 to 9,942268,956202,6674258,6631466,33105,3.455,37086,3.870,1292954,423216,869738,6.382,19.497,1208027,460705,747322,6.947,18.217,84927,1.281,36.433,28819,30684,383920
1999,c) 10 to 19,566154,604101,8022184,7954954,16168,2.667,20258,3.342,1373799,371194,1002605,4.666,17.270,1238844,444463,794381,5.587,15.573,134955,1.696,31.146,13704,16189,370251
1999,d) 20 to 99,476290,650294,19364433,19151002,21927,3.369,22952,3.527,2900866,693949,2206917,3.624,15.147,2472904,821236,1651668,4.288,12.913,427962,2.235,25.825,8907,14923,667964
1999,e) 100 to 499,79162,302923,15381071,15148863,24133,8.082,15482,5.185,2330524,658292,1672232,4.345,15.384,1866810,529706,1337104,3.497,12.323,463714,3.061,24.646,808,3454,279809
1999,f) 500 to 999,8941,96625,5480597,5416179,10694,11.291,6863,7.246,841172,270898,570274,5.002,15.531,710952,200952,510000,3.710,13.126,130220,2.404,26.253,43,596,54838
1999,g) 1000 to 2499,5674,122095,7544764,7437690,12439,10.345,8725,7.256,1079304,358580,720724,4.821,14.511,858980,251305,607675,3.379,11.549,220324,2.962,23.098,19,352,52367
1999,h) 2500 to 4999,2336,104867,5845549,5752155,13871,13.718,6371,6.301,862070,328017,534053,5.703,14.987,674961,187877,487084,3.266,11.734,187109,3.253,23.468,D,D,D
1999,i) 5000 to 9999,1371,116954,6253875,6143874,16236,14.296,9464,8.333,1036334,445252,591082,7.247,16.868,813338,219571,593767,3.574,13.238,222996,3.630,26.476,0,0,0
1999,j) 10000+,1225,478865,28681590,28687677,47646,9.910,51537,10.719,3964102,1313453,2650649,4.578,13.818,3986314,1385965,2600349,4.831,13.896,-22212,-0.077,27.636,0,0,0
2000,a) 1 to 4,2800921,2805269,6578741,6498434,482046,17.252,459887,16.459,2001119,1231837,769282,18.956,30.794,1837249,1142192,695057,17.576,28.272,163870,2.522,56.544,355213,356917,901339
2000,b) 5 to 9,946961,961042,6750011,6664619,35234,3.664,36605,3.806,1347985,449986,897999,6.752,20.226,1177449,452588,724861,6.791,17.667,170536,2.559,35.334,27883,29755,371893
2000,c) 10 to 19,575757,612175,8209667,8131712,17460,2.847,19563,3.190,1452320,401356,1050964,4.936,17.860,1295516,428011,867505,5.263,15.932,156804,1.928,31.863,13066,15511,354424
2000,d) 20 to 99,487427,654629,19968118,19594035,21806,3.334,20596,3.149,3092577,734201,2358376,3.747,15.783,2342910,745764,1597146,3.806,11.957,749667,3.826,23.915,8105,13416,595487
2000,e) 100 to 499,81604,306659,15958300,15574397,22287,7.348,15621,5.150,2513245,638610,1874635,4.100,16.137,1744651,479438,1265213,3.078,11.202,768594,4.935,22.404,697,3780,253889
2000,f) 500 to 999,9301,99225,5737935,5603670,10475,10.780,6358,6.543,908580,276356,632224,4.932,16.214,636729,186784,449945,3.333,11.363,271851,4.851,22.725,41,605,53105
2000,g) 1000 to 2499,5888,127955,7715663,7547839,14480,11.599,8246,6.605,1163543,398230,765313,5.276,15.416,825863,221917,603946,2.940,10.942,337680,4.474,21.883,9,239,31201
2000,h) 2500 to 4999,2429,102617,6051219,5938449,11383,11.323,7212,7.174,895631,313182,582449,5.274,15.082,668771,174101,494670,2.932,11.262,226860,3.820,22.523,D,D,D
2000,i) 5000 to 9999,1484,123747,6316663,6238616,14443,11.908,9530,7.857,981512,317410,664102,5.088,15.733,823078,237067,586011,3.800,13.193,158434,2.540,26.387,D,D,D
2000,j) 10000+,1296,508235,30306847,30074795,51181,10.129,45293,8.964,4318923,1403577,2915346,4.667,14.361,3873672,1297076,2576596,4.313,12.880,445251,1.480,25.760,0,0,0
2001,a) 1 to 4,2803678,2809378,6522066,6505012,486316,17.378,464421,16.596,1935000,1232015,702985,18.939,29.746,1899493,1159161,740332,17.820,29.200,35507,0.546,58.401,356810,358675,910358
2001,b) 5 to 9,945361,960442,6660166,6664177,35400,3.682,37509,3.901,1245022,440236,804786,6.606,18.682,1253209,467132,786077,7.010,18.805,-8187,-0.123,37.365,28566,30540,381155
2001,c) 10 to 19,578140,613987,8145271,8127268,18374,2.990,19579,3.186,1335087,401011,934076,4.934,16.427,1299661,436611,863050,5.372,15.991,35426,0.436,31.983,13363,15588,361355
2001,d) 20 to 99,493916,658036,19991428,19883045,25208,3.842,21264,3.241,2867133,753591,2113542,3.790,14.420,2651248,794071,1857177,3.994,13.334,215885,1.086,26.668,8580,13302,640760
2001,e) 100 to 499,82761,311776,15942833,15863325,22623,7.313,17789,5.750,2243548,606018,1637530,3.820,14.143,2084164,588936,1495228,3.713,13.138,159384,1.005,26.277,838,3341,305480
2001,f) 500 to 999,9454,100815,5818987,5784706,9091,9.085,7589,7.584,839899,245564,594335,4.245,14.519,771937,226152,545785,3.909,13.344,67962,1.175,26.689,49,1410,69748
2001,g) 1000 to 2499,5860,130317,7748469,7728400,15161,11.742,12766,9.887,1100801,364793,736008,4.720,14.244,1058093,348371,709722,4.508,13.691,42708,0.553,27.382,29,2507,86146
2001,h) 2500 to 4999,2416,103378,6068282,6041897,13372,13.062,11356,11.093,915746,311751,603995,5.160,15.157,863551,325539,538012,5.388,14.293,52195,0.864,28.585,7,356,48239
2001,i) 5000 to 9999,1366,118688,6407711,6444848,14255,12.088,12730,10.795,958614,382710,575904,5.938,14.874,1025227,352955,672272,5.477,15.908,-66613,-1.034,29.748,D,D,D
2001,j) 10000+,1198,526112,30467867,30616346,54363,10.312,56485,10.715,4321832,1577388,2744444,5.152,14.116,4625975,1625350,3000625,5.309,15.109,-304143,-0.993,28.232,0,0,0
2002,a) 1 to 4,2826594,2830547,6645624,6612697,508116,17.985,497419,17.607,2058788,1302653,756135,19.699,31.134,1992234,1232117,760117,18.633,30.127,66554,1.006,60.255,363539,365661,935955
2002,b) 5 to 9,951474,965095,6709989,6721373,46324,4.804,44689,4.634,1358588,535436,823152,7.966,20.213,1380908,527003,853905,7.841,20.545,-22320,-0.332,40.426,31859,33481,427303
2002,c) 10 to 19,582518,618998,8177231,8193116,32133,5.212,27159,4.405,1511143,572319,938824,6.985,18.444,1541361,543702,997659,6.636,18.813,-30218,-0.369,36.888,16150,17839,438573
2002,d) 20 to 99,489920,664213,19645773,19828467,45695,6.953,31644,4.815,3319679,1302931,2016748,6.571,16.742,3682286,1152341,2529945,5.812,18.571,-362607,-1.829,33.484,11399,15387,879393
2002,e) 100 to 499,81172,318933,15459375,15672421,24123,7.638,17954,5.684,2364261,860908,1503353,5.493,15.085,2791301,733429,2057872,4.680,17.810,-427040,-2.725,30.171,1230,3877,431581
2002,f) 500 to 999,9455,104116,5653585,5752631,10108,9.818,7792,7.568,809589,280616,528973,4.878,14.073,1006660,282154,724506,4.905,17.499,-197071,-3.426,28.147,78,1255,104682
2002,g) 1000 to 2499,5953,127418,7518738,7636798,11151,8.755,11053,8.678,1072314,376542,695772,4.931,14.041,1306159,390995,915164,5.120,17.103,-233845,-3.062,28.083,35,1154,102297
2002,h) 2500 to 4999,2434,101784,5896464,5975557,10443,10.290,9844,9.700,842377,292843,549534,4.901,14.097,1002524,293630,708894,4.914,16.777,-160147,-2.680,28.194,6,695,43239
2002,i) 5000 to 9999,1402,120398,6193515,6311058,12370,10.319,11334,9.454,906215,338001,568214,5.356,14.359,1131406,316167,815239,5.010,17.927,-225191,-3.568,28.718,D,D,D
2002,j) 10000+,1246,541114,29898925,30450906,58439,10.804,58003,10.724,4291499,1602037,2689462,5.261,14.093,5422439,1680919,3741520,5.520,17.807,-1130940,-3.714,28.186,D,D,D
2003,a) 1 to 4,2871191,2874798,6734579,6633475,537355,18.899,474446,16.686,2096377,1346511,749866,20.299,31.603,1889298,1153726,735572,17.392,28.481,207079,3.122,56.963,366935,368382,929889
2003,b) 5 to 9,954300,966486,6750281,6690200,38664,4.007,35496,3.679,1340042,482664,857378,7.214,20.030,1219966,436476,783490,6.524,18.235,120076,1.795,36.470,28481,29888,378267
2003,c) 10 to 19,584624,620582,8249708,8172251,20836,3.360,19810,3.195,1452401,447069,1005332,5.471,17.772,1296984,409902,887082,5.016,15.871,155417,1.902,31.741,12874,14561,347276
2003,d) 20 to 99,491709,665619,19886597,19626179,25555,3.842,24685,3.711,3188090,810651,2377439,4.130,16.244,2666815,732581,1934234,3.733,13.588,521275,2.656,27.176,7448,11114,550489
2003,e) 100 to 499,82974,326994,16056226,15813060,20557,6.304,18741,5.747,2556289,614669,1941620,3.887,16.166,2068603,586981,1481622,3.712,13.082,487686,3.084,26.163,758,2616,265948
2003,f) 500 to 999,9394,104893,5619831,5603123,7298,6.959,7255,6.918,791843,211701,580142,3.778,14.132,757040,211194,545846,3.769,13.511,34803,0.621,27.022,40,354,55584
2003,g) 1000 to 2499,5883,129399,7521748,7512893,11831,9.208,10005,7.787,1030097,331396,698701,4.411,13.711,1004264,304570,699694,4.054,13.367,25833,0.344,26.734,23,1039,69449
2003,h) 2500 to 4999,2402,104596,5868762,5899058,9160,8.760,9109,8.711,753000,216276,536724,3.666,12.765,809808,240199,569609,4.072,13.728,-56808,-0.963,25.530,D,D,D
2003,i) 5000 to 9999,1395,117150,6265455,6301985,12035,10.352,10258,8.823,832223,237487,594736,3.768,13.206,904004,286007,617997,4.538,14.345,-71781,-1.139,26.411,0,0,0
2003,j) 10000+,1525,548514,29507330,29876994,50759,9.214,55557,10.085,3639011,1307758,2331253,4.377,12.180,4403047,1478937,2924110,4.950,14.737,-764036,-2.557,24.360,D,D,D
2004,a) 1 to 4,2927558,2931851,6867535,6725122,559011,19.361,469923,16.275,2145103,1383174,761929,20.567,31.897,1862331,1146637,715694,17.050,27.692,282772,4.205,55.384,364306,365435,924524
2004,b) 5 to 9,970056,983311,6891033,6803778,38075,3.879,34636,3.529,1371843,488943,882900,7.186,20.163,1197827,440003,757824,6.467,17.605,174016,2.558,35.211,28462,29710,379501
2004,c) 10 to 19,593192,628903,8409086,8309053,18446,2.935,17811,2.834,1459707,435341,1024366,5.239,17.568,1259040,409039,850001,4.923,15.153,200667,2.415,30.305,13056,14807,352490
2004,d) 20 to 99,499575,671959,20223267,19992244,19822,2.955,17587,2.622,2946304,781752,2164552,3.910,14.737,2483011,696454,1786557,3.484,12.420,463293,2.317,24.840,7685,11228,570505
2004,e) 100 to 499,84505,329942,16394762,16249112,17981,5.475,14952,4.553,2161331,560665,1600666,3.450,13.301,1871393,509292,1362101,3.134,11.517,289938,1.784,23.034,769,3295,279364
2004,f) 500 to 999,9275,104319,5664731,5612219,6886,6.583,7468,7.139,740338,198003,542335,3.528,13.192,638489,188521,449968,3.359,11.377,101849,1.815,22.754,36,1092,47064
2004,g) 1000 to 2499,5799,132428,7634560,7568817,13230,10.225,7157,5.531,973111,311745,661366,4.119,12.857,842666,242731,599935,3.207,11.133,130445,1.723,22.267,17,21,51163
2004,h) 2500 to 4999,2340,108287,6072021,6077599,10645,9.938,8306,7.754,752137,234636,517501,3.861,12.376,765479,251960,513519,4.146,12.595,-13342,-0.220,24.751,7,723,46448
2004,i) 5000 to 9999,1343,118308,6373329,6358415,12059,10.345,8578,7.359,875572,262835,612737,4.134,13.770,849267,300895,548372,4.732,13.357,26305,0.414,26.713,0,0,0
2004,j) 10000+,1178,557380,29608260,29666884,53614,9.593,56604,10.128,3815214,1186213,2629001,3.998,12.860,3956139,1361402,2594737,4.589,13.335,-140925,-0.475,25.720,0,0,0
2005,a) 1 to 4,2988381,2993332,6892578,6836715,568459,19.237,491980,16.649,2120406,1391639,728767,20.355,31.015,2010725,1195207,815518,17.482,29.411,109681,1.604,58.821,379448,381086,957396
2005,b) 5 to 9,982151,996088,6897134,6893782,40116,4.036,36031,3.625,1339275,511929,827346,7.426,19.427,1331108,453354,877754,6.576,19.309,8167,0.118,38.618,29231,30797,389413
2005,c) 10 to 19,597391,632743,8344954,8360873,19794,3.132,18125,2.868,1393144,462448,930696,5.531,16.663,1423956,416581,1007375,4.983,17.031,-30812,-0.369,33.325,13298,15086,358671
2005,d) 20 to 99,503021,675382,20211394,20130558,23204,3.449,17912,2.663,2881815,827140,2054675,4.109,14.316,2717506,698372,2019134,3.469,13.499,164309,0.816,26.999,7727,11604,567836
2005,e) 100 to 499,85722,334544,16704565,16450911,22176,6.727,12353,3.748,2304684,636388,1668296,3.868,14.009,1800382,441907,1358475,2.686,10.944,504302,3.065,21.888,661,1810,230820
2005,f) 500 to 999,9497,110214,5888570,5782787,10183,9.355,7450,6.844,859734,282687,577047,4.888,14.867,648800,170315,478485,2.945,11.220,210934,3.648,22.439,40,1101,54873
2005,g) 1000 to 2499,5883,125933,7771311,7689621,10905,8.739,8599,6.891,1013851,335899,677952,4.368,13.185,849436,244380,605056,3.178,11.047,164415,2.138,22.093,16,221,47529
2005,h) 2500 to 4999,2335,109365,6179501,6105895,9941,9.202,7283,6.741,794692,249956,544736,4.094,13.015,644936,203532,441404,3.333,10.563,149756,2.453,21.125,D,D,D
2005,i) 5000 to 9999,1325,121872,6277188,6250747,10100,8.373,7617,6.314,763494,252995,510499,4.047,12.214,712275,207684,504591,3.323,11.395,51219,0.819,22.790,D,D,D
2005,j) 10000+,1199,575913,30254991,30310509,54164,9.411,53438,9.285,3531146,1183420,2347726,3.904,11.650,3638612,1139710,2498902,3.760,12.004,-107466,-0.355,23.300,0,0,0
2006,a) 1 to 4,3050725,3056031,7045381,6917345,601359,19.940,520879,17.272,2202424,1452306,750118,20.995,31.839,1944348,1223236,721112,17.684,28.108,258076,3.731,56.217,410368,412054,1000728
2006,b) 5 to 9,997285,1012223,7106339,6977780,43726,4.339,34786,3.452,1458370,547101,911269,7.841,20.900,1202332,439765,762567,6.302,17.231,256038,3.669,34.462,29014,30298,385596
2006,c) 10 to 19,604621,642447,8591274,8428096,25306,3.963,17451,2.733,1546127,517171,1028956,6.136,18.345,1218224,401001,817223,4.758,14.454,327903,3.891,28.909,12905,14494,346927
2006,d) 20 to 99,509304,691777,20850289,20419075,36479,5.348,17234,2.526,3307421,1032530,2274891,5.057,16.198,2443719,690106,1753613,3.380,11.968,863702,4.230,23.936,7525,10650,558069
2006,e) 100 to 499,87683,346638,17143942,16833563,27948,8.239,13073,3.854,2496228,772847,1723381,4.591,14.829,1874395,443921,1430474,2.637,11.135,621833,3.694,22.270,629,2377,224710
2006,f) 500 to 999,9842,110303,6081029,5977512,9628,8.872,6053,5.578,844707,232553,612154,3.890,14.131,639035,154220,484815,2.580,10.691,205672,3.441,21.381,32,881,46388
2006,g) 1000 to 2499,6004,136487,8043834,7884847,13965,10.478,7551,5.666,1081540,331961,749579,4.210,13.717,763386,191756,571630,2.432,9.682,318154,4.035,19.363,9,171,30019
2006,h) 2500 to 4999,2394,108344,6345767,6271973,9858,9.242,6506,6.099,783145,258360,524785,4.119,12.486,633835,156184,477651,2.490,10.106,149310,2.381,20.212,D,D,D
2006,i) 5000 to 9999,1362,124674,6664273,6549214,14256,11.736,7845,6.458,945968,300429,645539,4.587,14.444,719835,228837,490998,3.494,10.991,226133,3.453,21.982,D,D,D
2006,j) 10000+,1176,609789,31381524,31155888,61749,10.231,49222,8.156,4031735,1397331,2634404,4.485,12.941,3600930,1085214,2515716,3.483,11.558,430805,1.383,23.116,0,0,0
2007,a) 1 to 4,3072931,3077430,6971060,6954443,570151,18.667,523967,17.155,2072912,1357329,715583,19.517,29.807,2044513,1234516,809997,17.751,29.399,28399,0.408,58.797,413424,415157,1008795
2007,b) 5 to 9,1004513,1017759,7047592,7041480,42789,4.208,41088,4.040,1376689,519766,856923,7.381,19.551,1364411,486501,877910,6.909,19.377,12278,0.174,38.754,31003,32308,410418
2007,c) 10 to 19,609010,643761,8518879,8500223,24531,3.815,22881,3.559,1445248,497676,947572,5.855,17.002,1408284,458347,949937,5.392,16.568,36964,0.435,33.135,13800,15329,370099
2007,d) 20 to 99,512748,698004,20636760,20592160,31695,4.565,24435,3.519,3095223,918928,2176295,4.463,15.031,3002310,862686,2139624,4.189,14.580,92913,0.451,29.160,8183,10998,605983
2007,e) 100 to 499,87826,352031,16905528,16883113,23186,6.656,15840,4.547,2254995,577376,1677619,3.420,13.357,2208658,521350,1687308,3.088,13.082,46337,0.274,26.164,722,2768,251937
2007,f) 500 to 999,10071,113822,6125586,6074744,9834,8.792,5893,5.269,826437,225763,600674,3.716,13.604,724440,175082,549358,2.882,11.925,101997,1.679,23.851,35,308,48332
2007,g) 1000 to 2499,6380,141904,8306505,8198857,13370,9.576,8807,6.308,1105475,317593,787882,3.874,13.483,890851,244993,645858,2.988,10.866,214624,2.618,21.731,19,154,51898
2007,h) 2500 to 4999,2552,113125,6527685,6443666,11804,10.640,7432,6.699,872349,249436,622913,3.871,13.538,705331,182340,522991,2.830,10.946,167018,2.592,21.892,D,D,D
2007,i) 5000 to 9999,1457,122301,6750503,6722206,13906,11.478,11607,9.581,892322,307024,585298,4.567,13.274,835443,240402,595041,3.576,12.428,56879,0.846,24.856,D,D,D
2007,j) 10000+,1391,637070,31981606,32132338,67531,10.614,65862,10.352,4339608,1384549,2955059,4.309,13.505,4644315,1487863,3156452,4.630,14.454,-304707,-0.948,27.011,D,D,D
2008,a) 1 to 4,3032195,3036312,6811400,6918245,507554,16.569,561402,18.327,1910601,1214764,695837,17.559,27.617,2123637,1289123,834514,18.634,30.696,-213036,-3.079,55.234,440985,442311,1050721
2008,b) 5 to 9,993287,1006603,6916817,6969374,38051,3.779,38772,3.850,1264850,468324,796526,6.720,18.149,1369760,479878,889882,6.886,19.654,-104910,-1.505,36.297,31466,32805,417576
2008,c) 10 to 19,600775,636644,8364976,8399488,21821,3.431,20665,3.249,1310194,444061,866133,5.287,15.598,1379671,441857,937814,5.261,16.426,-69477,-0.827,31.197,14132,15982,380378
2008,d) 20 to 99,507528,692613,20468456,20426505,27104,3.924,23337,3.379,2868043,797432,2070611,3.904,14.041,2784506,772519,2011987,3.782,13.632,83537,0.409,27.264,8127,11214,597821
2008,e) 100 to 499,87766,353363,17047280,16889880,21431,6.105,16731,4.766,2282560,548467,1734093,3.247,13.514,1968963,505754,1463209,2.994,11.658,313597,1.857,23.315,752,2412,257624
2008,f) 500 to 999,10143,116169,6170689,6128519,8250,7.146,6813,5.901,814353,219262,595091,3.578,13.288,731027,193945,537082,3.165,11.928,83326,1.360,23.857,38,439,49789
2008,g) 1000 to 2499,6288,141729,8307231,8284347,11007,7.786,10295,7.282,1026434,271613,754821,3.279,12.390,981763,262668,719095,3.171,11.851,44671,0.539,23.702,21,597,65022
2008,h) 2500 to 4999,2505,118275,6557290,6516073,10843,9.289,7754,6.643,796128,248063,548065,3.807,12.218,715000,202011,512989,3.100,10.973,81128,1.245,21.946,5,383,31493
2008,i) 5000 to 9999,1440,122894,6922586,6868830,14970,12.438,9894,8.221,916034,318604,597430,4.638,13.336,810235,235710,574525,3.432,11.796,105799,1.540,23.592,D,D,D
2008,j) 10000+,2044,649123,31983823,32216455,49558,7.600,55460,8.505,3760471,1069150,2691321,3.319,11.673,4250894,1203793,3047101,3.737,13.195,-490423,-1.522,23.345,0,0,0
2009,a) 1 to 4,2951193,2956168,6548761,6832252,451308,14.881,604604,19.935,1694237,1064167,630070,15.576,24.798,2262828,1384257,878571,20.261,33.120,-568591,-8.322,49.595,457082,458546,1092124
2009,b) 5 to 9,967168,981773,6614683,6800769,32782,3.331,37349,3.795,1098524,409483,689041,6.021,16.153,1467299,471662,995637,6.935,21.575,-368775,-5.423,32.306,31035,32370,410778
2009,c) 10 to 19,585047,622634,7977481,8197876,17377,2.789,18321,2.940,1095296,370400,724896,4.518,13.361,1534955,419544,1115411,5.118,18.724,-439659,-5.363,26.721,13637,15466,367496
2009,d) 20 to 99,489718,675742,19104588,19734898,20372,3.019,18277,2.709,2109694,644799,1464895,3.267,10.690,3368816,768803,2600013,3.896,17.070,-1259122,-6.380,21.380,8403,12115,644503
2009,e) 100 to 499,84715,353730,15921655,16386057,19675,5.606,14180,4.040,1613990,490270,1123720,2.992,9.850,2539760,534040,2005720,3.259,15.500,-925770,-5.650,19.700,876,2833,313887
2009,f) 500 to 999,9718,118897,5863002,6014225,8275,6.991,7215,6.095,636107,217128,418979,3.610,10.577,937032,195215,741817,3.246,15.580,-300925,-5.004,21.153,49,601,66545
2009,g) 1000 to 2499,6110,145123,7968275,8141355,11934,8.216,12211,8.406,832170,292427,539743,3.592,10.222,1177420,284069,893351,3.489,14.462,-345250,-4.241,20.443,27,1332,69734
2009,h) 2500 to 4999,2423,117936,6263492,6394632,10257,8.769,8315,7.109,623235,215789,407446,3.375,9.746,883422,187442,695980,2.931,13.815,-260187,-4.069,19.492,3,60,19912
2009,i) 5000 to 9999,1359,119803,6534115,6671117,11371,9.549,9915,8.327,698368,260089,438279,3.899,10.469,977081,236105,740976,3.539,14.646,-278713,-4.178,20.937,D,D,D
2009,j) 10000+,1201,646094,30861743,31579263,49390,7.571,61960,9.498,2979276,1003939,1975337,3.179,9.434,4435025,1108377,3326648,3.510,14.044,-1455749,-4.610,18.869,D,D,D
2010,a) 1 to 4,2936798,2942582,6528422,6666061,459025,15.400,535207,17.956,1687050,1067392,619658,16.012,25.308,1961807,1210865,750942,18.165,29.430,-274757,-4.122,50.616,394469,396306,937411
2010,b) 5 to 9,945506,960971,6565399,6603512,37950,3.959,33207,3.464,1177490,465089,712401,7.043,17.831,1252336,411459,840877,6.231,18.965,-74846,-1.133,35.663,26889,28440,355775
2010,c) 10 to 19,574601,613900,7903440,8007502,15674,2.552,16256,2.647,1089760,332535,757225,4.153,13.609,1296426,363054,933372,4.534,16.190,-206666,-2.581,27.218,11761,13430,315927
2010,d) 20 to 99,468520,659561,18454312,18677987,23814,3.632,16166,2.465,2125344,729352,1395992,3.905,11.379,2572263,571126,2001137,3.058,13.772,-446919,-2.393,22.758,6406,10016,462074
2010,e) 100 to 499,81344,355253,15596198,15632169,22380,6.376,13882,3.955,1788159,573369,1214790,3.668,11.439,1862587,372265,1490322,2.381,11.915,-74428,-0.476,22.878,500,2565,180574
2010,f) 500 to 999,9458,121266,5776217,5802939,7874,6.531,6475,5.370,648245,193519,454726,3.335,11.171,704735,151210,553525,2.606,12.144,-56490,-0.973,22.342,34,318,46506
2010,g) 1000 to 2499,5948,145843,7871286,7943887,10460,7.197,9445,6.499,816378,249463,566915,3.140,10.277,966549,227932,738617,2.869,12.167,-150171,-1.890,20.554,12,636,37880
2010,h) 2500 to 4999,2307,118360,6089898,6170876,8205,6.918,8684,7.322,566694,163062,403632,2.642,9.183,729513,199244,530269,3.229,11.822,-162819,-2.639,18.367,4,339,27075
2010,i) 5000 to 9999,1363,120459,6381626,6424801,11960,10.086,8214,6.927,696874,250209,446665,3.894,10.847,777388,190899,586489,2.971,12.100,-80514,-1.253,21.693,0,0,0
2010,j) 10000+,1182,631314,30107624,30554873,39278,6.125,59257,9.240,2810406,736502,2073904,2.410,9.198,3684500,1029768,2654732,3.370,12.059,-874094,-2.861,18.396,D,D,D
2011,a) 1 to 4,2941566,2947515,6601719,6613260,483690,16.351,505144,17.076,1790124,1126704,663420,17.037,27.069,1813791,1131361,682430,17.107,27.427,-23667,-0.358,54.137,375827,377929,883085
2011,b) 5 to 9,933273,948775,6489409,6532523,33836,3.565,34374,3.622,1149037,419399,729638,6.420,17.589,1234148,423839,810309,6.488,18.892,-85111,-1.303,35.179,27279,28758,359246
2011,c) 10 to 19,566685,606623,7885884,7870152,16745,2.764,14988,2.474,1165162,360333,804829,4.578,14.805,1132684,328587,804097,4.175,14.392,32478,0.413,28.784,10592,12244,284164
2011,d) 20 to 99,461738,654085,18595386,18402726,22583,3.472,15132,2.327,2376616,660311,1716305,3.588,12.914,1990030,541173,1448857,2.941,10.814,386586,2.101,21.628,5995,9208,440135
2011,e) 100 to 499,80882,355787,15760004,15584398,17707,5.014,12428,3.519,1844829,427992,1416837,2.746,11.838,1493723,326903,1166820,2.098,9.585,351106,2.253,19.169,467,1952,158283
2011,f) 500 to 999,9411,122050,5923563,5842839,6269,5.153,5472,4.498,685213,147444,537769,2.523,11.727,523115,105820,417295,1.811,8.953,162098,2.774,17.906,15,191,19059
2011,g) 1000 to 2499,5948,149614,8091108,8000045,9966,6.733,6766,4.571,886014,207404,678610,2.593,11.075,705123,176094,529029,2.201,8.814,180891,2.261,17.628,12,148,31053
2011,h) 2500 to 4999,2273,121152,6231376,6183383,7606,6.290,7146,5.910,634335,154569,479766,2.500,10.259,537804,136423,401381,2.206,8.698,96531,1.561,17.395,D,D,D
2011,i) 5000 to 9999,1285,121011,6477381,6404590,11843,9.948,7927,6.658,741093,212851,528242,3.323,11.571,591346,164662,426684,2.571,9.233,149747,2.338,18.466,D,D,D
2011,j) 10000+,1065,638908,30789372,30636084,48882,7.625,53207,8.300,3457151,844029,2613122,2.755,11.285,3146318,901598,2244720,2.943,10.270,310833,1.015,20.540,D,D,D
2012,a) 1 to 4,2984304,2988181,6710167,6617318,499119,16.838,451376,15.227,1853909,1161000,692909,17.545,28.016,1667071,1029254,637817,15.554,25.193,186838,2.823,50.385,337547,339531,813211
2012,b) 5 to 9,933527,946141,6564141,6511475,33094,3.496,33953,3.587,1164094,407822,756272,6.263,17.878,1059043,389524,669519,5.982,16.264,105051,1.613,32.529,24754,26128,328303
2012,c) 10 to 19,561093,597405,7923341,7809343,19457,3.259,18822,3.152,1261676,407950,853726,5.224,16.156,1032919,351066,681853,4.495,13.227,228757,2.929,26.453,10636,12218,287287
2012,d) 20 to 99,470829,659466,19115506,18781224,24343,3.693,23871,3.621,2758781,760887,1997894,4.051,14.689,2088813,635044,1453769,3.381,11.122,669968,3.567,22.244,6097,9370,441610
2012,e) 100 to 499,81456,352286,15993727,15752466,15814,4.484,16603,4.708,2089763,449355,1640408,2.853,13.266,1610561,410464,1200097,2.606,10.224,479202,3.042,20.448,519,2315,186036
2012,f) 500 to 999,9896,125286,6231256,6125817,6498,5.197,6013,4.809,778205,153639,624566,2.508,12.704,568217,128470,439747,2.097,9.276,209988,3.428,18.552,27,234,37201
2012,g) 1000 to 2499,6131,148595,8243565,8131761,9480,6.417,7757,5.251,963182,211882,751300,2.606,11.845,736919,205376,531543,2.526,9.062,226263,2.782,18.124,14,34,46017
2012,h) 2500 to 4999,2352,122662,6330819,6244615,6642,5.417,6553,5.344,721627,154595,567032,2.476,11.556,545954,128100,417854,2.051,8.743,175673,2.813,17.486,D,D,D
2012,i) 5000 to 9999,1326,121100,6738164,6681766,8672,7.137,9483,7.805,783525,187566,595959,2.807,11.726,672958,213451,459507,3.195,10.072,110567,1.655,20.143,4,2088,56316
2012,j) 10000+,1117,649450,31463326,31431752,46864,7.201,49638,7.627,3363656,804139,2559517,2.558,10.701,3291964,901724,2390240,2.869,10.473,71692,0.228,20.947,0,0,0
2013,a) 1 to 4,2988244,2992014,6674218,6635682,480518,16.126,456153,15.308,1780360,1109545,670815,16.721,26.830,1701208,1047274,653934,15.782,25.637,79152,1.193,51.275,342477,343504,825418
2013,b) 5 to 9,936743,948462,6581566,6527215,32747,3.458,29988,3.166,1128795,404446,724349,6.196,17.294,1019855,369830,650025,5.666,15.625,108940,1.669,31.249,24146,25263,320455
2013,c) 10 to 19,566225,601658,7973957,7882191,19034,3.172,15948,2.657,1208823,392347,816476,4.978,15.336,1023728,336365,687363,4.267,12.988,185095,2.348,25.976,10688,12100,287848
2013,d) 20 to 99,479824,666552,19368514,19154334,22988,3.457,19808,2.979,2507067,675372,1831695,3.526,13.089,2075739,612285,1463454,3.197,10.837,431328,2.252,21.674,6362,8776,466328
2013,e) 100 to 499,83596,354652,16404532,16159795,16421,4.646,13995,3.960,2018530,422879,1595651,2.617,12.491,1527725,413889,1113836,2.561,9.454,490805,3.037,18.908,592,1384,205512
2013,f) 500 to 999,10097,124807,6336147,6266138,6833,5.496,5873,4.724,769894,154485,615409,2.465,12.287,628428,163071,465357,2.602,10.029,141466,2.258,20.058,37,400,51735
2013,g) 1000 to 2499,6336,148319,8259472,8163157,9980,6.758,8709,5.897,967796,234903,732893,2.878,11.856,775083,199199,575884,2.440,9.495,192713,2.361,18.990,14,615,41112
2013,h) 2500 to 4999,2452,132110,6724298,6654736,9117,6.947,7358,5.607,789412,190333,599079,2.860,11.862,649889,168422,481467,2.531,9.766,139523,2.097,19.532,3,58,16365
2013,i) 5000 to 9999,1301,121926,6586146,6513512,10141,8.329,9794,8.044,776928,229878,547050,3.529,11.928,631369,174302,457067,2.676,9.693,145559,2.235,19.386,0,0,0
2013,j) 10000+,1141,659185,32649162,32502874,52168,7.916,51831,7.865,3577160,1076618,2500542,3.312,11.006,3294617,982868,2311749,3.024,10.136,282543,0.869,20.273,0,0,0
2014,a) 1 to 4,3002670,3007010,6713628,6643454,484424,16.203,449876,15.047,1802089,1122408,679681,16.895,27.126,1658064,1025830,632234,15.441,24.958,144025,2.168,49.916,340144,341183,814065
2014,b) 5 to 9,938890,951885,6615834,6548438,31668,3.331,29193,3.071,1131302,394992,736310,6.032,17.276,997242,364515,632727,5.566,15.229,134060,2.047,30.457,23933,25035,316842
2014,c) 10 to 19,573691,609194,8093355,7999232,17382,2.858,15346,2.523,1205030,377774,827256,4.723,15.064,1016390,341432,674958,4.268,12.706,188640,2.358,25.412,10899,12326,291972
2014,d) 20 to 99,489051,677245,19808560,19519819,23753,3.528,15994,2.375,2481611,722520,1759091,3.701,12.713,1902881,571589,1331292,2.928,9.748,578730,2.965,19.497,6144,9355,449894
2014,e) 100 to 499,85694,361143,16837422,16561899,19258,5.392,11335,3.173,1945638,510194,1435444,3.081,11.748,1395120,342695,1052425,2.069,8.424,550518,3.324,16.847,540,1943,185890
2014,f) 500 to 999,10320,124803,6489610,6387575,7575,6.128,5186,4.196,812356,195259,617097,3.057,12.718,607688,124450,483238,1.948,9.514,204668,3.204,19.027,18,212,26584
2014,g) 1000 to 2499,6279,153952,8520305,8375876,11956,7.892,7041,4.648,1017675,264454,753221,3.157,12.150,728350,160181,568169,1.912,8.696,289325,3.454,17.392,5,132,16451
2014,h) 2500 to 4999,2532,133322,6887593,6816887,8511,6.368,9170,6.861,781794,198889,582905,2.918,11.468,638205,149329,488876,2.191,9.362,143589,2.106,18.724,D,D,D
2014,i) 5000 to 9999,1358,127137,6848716,6776784,9430,7.484,7169,5.689,777042,231660,545382,3.418,11.466,633415,164785,468630,2.432,9.347,143627,2.119,18.694,D,D,D
2014,j) 10000+,1149,676745,33257470,33165231,58335,8.670,50504,7.506,3630841,1052597,2578244,3.174,10.948,3452768,1048098,2404670,3.160,10.411,178073,0.537,20.822,0,0,0
2015,a) 1 to 4,3023372,3028028,6751071,6671738,492180,16.377,446610,14.861,1825400,1142669,682731,17.127,27.360,1668276,1032549,635727,15.476,25.005,157124,2.355,50.010,339366,340490,820954
2015,b) 5 to 9,942996,956533,6657690,6584133,32284,3.379,30035,3.144,1147705,402249,745456,6.109,17.431,1001271,377963,623308,5.741,15.207,146434,2.224,30.415,24526,25749,326762
2015,c) 10 to 19,581084,616989,8223932,8108537,18326,2.977,15677,2.546,1240297,398031,842266,4.909,15.296,1010417,358870,651547,4.426,12.461,229880,2.835,24.922,11484,12824,308340
2015,d) 20 to 99,501555,692692,20351899,20023692,26255,3.816,17004,2.471,2604064,791726,1812338,3.954,13.005,1950347,622845,1327502,3.111,9.740,653717,3.265,19.480,6859,10169,497119
2015,e) 100 to 499,87752,367151,17268790,16992369,21368,5.888,12864,3.545,2032381,532132,1500249,3.132,11.961,1479451,350764,1128687,2.064,8.707,552930,3.254,17.413,533,2148,184878
2015,f) 500 to 999,10520,128771,6604318,6503696,8702,6.851,5187,4.084,815912,224353,591559,3.450,12.545,616477,136806,479671,2.104,9.479,199435,3.066,18.958,32,234,42825
2015,g) 1000 to 2499,6467,157309,8781736,8636470,12493,8.054,8107,5.226,1053101,288091,765010,3.336,12.194,762622,167986,594636,1.945,8.830,290479,3.363,17.661,6,451,17216
2015,h) 2500 to 4999,2524,133274,6976287,6877272,8993,6.788,7404,5.589,816451,194690,621761,2.831,11.872,618963,159502,459461,2.319,9.000,197488,2.872,18.000,5,501,32715
2015,i) 5000 to 9999,1354,129616,7005640,6915749,9331,7.273,6697,5.220,788333,224272,564061,3.243,11.399,608874,151610,457264,2.192,8.804,179459,2.595,17.608,0,0,0
2015,j) 10000+,1241,696081,34556115,34317939,58265,8.388,55271,7.957,3958942,1188047,2770895,3.462,11.536,3465455,936201,2529254,2.728,10.098,493487,1.438,20.196,0,0,0
2016,a) 1 to 4,3058784,3063707,6817355,6713374,510991,16.859,445664,14.703,1879060,1190598,688462,17.735,27.990,1670064,1028273,641791,15.317,24.877,208996,3.113,49.753,339958,341090,821918
2016,b) 5 to 9,950876,965103,6732416,6647291,34111,3.541,30541,3.170,1188134,425585,762549,6.402,17.874,1019045,384980,634065,5.792,15.330,169089,2.544,30.660,25166,26276,335429
2016,c) 10 to 19,589766,626034,8352723,8239203,18781,3.006,16211,2.595,1272933,412631,860302,5.008,15.450,1047108,372974,674134,4.527,12.709,225825,2.741,25.418,11915,13294,320868
2016,d) 20 to 99,512945,705000,20744976,20477433,25965,3.707,16675,2.381,2619919,781532,1838387,3.817,12.794,2084360,641092,1443268,3.131,10.179,535559,2.615,20.358,6905,9801,501917
2016,e) 100 to 499,89401,374426,17578483,17341873,20998,5.670,12832,3.465,2021406,524493,1496913,3.024,11.656,1546147,358878,1187269,2.069,8.916,475259,2.741,17.831,564,2424,195083
2016,f) 500 to 999,10640,131491,6709393,6631652,8839,6.810,5449,4.198,811910,195281,616629,2.945,12.243,656912,133207,523705,2.009,9.906,154998,2.337,19.811,27,484,35939
2016,g) 1000 to 2499,6478,158700,8840091,8757365,11805,7.514,8628,5.492,1023231,284794,738437,3.252,11.684,855516,171290,684226,1.956,9.769,167715,1.915,19.538,12,874,33601
2016,h) 2500 to 4999,2563,137665,7140029,7078383,9089,6.659,6747,4.943,778857,200679,578178,2.835,11.003,658248,135742,522506,1.918,9.299,120609,1.704,18.599,D,D,D
2016,i) 5000 to 9999,1406,134943,7201695,7154589,10914,8.231,6209,4.683,795240,227796,567444,3.184,11.115,694840,163313,531527,2.283,9.712,100400,1.403,19.424,D,D,D
2016,j) 10000+,1296,735035,35572243,35396941,58949,8.147,35980,4.973,3644140,1023002,2621138,2.890,10.295,3304598,898334,2406264,2.538,9.336,339542,0.959,18.672,D,D,D
2017,a) 1 to 4,3077369,3081642,6763813,6729146,501112,16.377,457379,14.948,1795049,1147586,647463,17.054,26.676,1725899,1053217,672682,15.652,25.648,69150,1.028,51.296,345074,346405,830281
2017,b) 5 to 9,952794,965174,6720452,6670768,34517,3.579,33211,3.443,1165748,427786,737962,6.413,17.475,1066668,404308,662360,6.061,15.990,99080,1.485,31.980,25703,26879,343121
2017,c) 10 to 19,595969,630032,8421055,8341538,19987,3.172,20238,3.212,1294006,424156,869850,5.085,15.513,1135892,419985,715907,5.035,13.617,158114,1.896,27.235,12867,14591,348424
2017,d) 20 to 99,520222,709909,21054001,20793381,25571,3.605,24312,3.428,2950382,828417,2121965,3.984,14.189,2430814,799425,1631389,3.845,11.690,519568,2.499,23.381,7892,11589,581508
2017,e) 100 to 499,90438,373092,17896303,17614834,17900,4.808,16360,4.394,2479311,522581,1956730,2.967,14.075,1914093,488363,1425730,2.772,10.866,565218,3.209,21.733,637,2262,219551
2017,f) 500 to 999,10938,133298,6873216,6748417,7864,5.940,6055,4.573,924531,209537,714994,3.105,13.700,676357,149775,526582,2.219,10.022,248174,3.678,20.045,27,511,38805
2017,g) 1000 to 2499,6684,161595,8987536,8918918,11087,6.918,8423,5.256,1032587,233839,798748,2.622,11.577,890266,236300,653966,2.649,9.982,142321,1.596,19.964,16,691,51337
2017,h) 2500 to 4999,2666,139659,7128227,7090910,9034,6.475,8764,6.281,794893,189613,605280,2.674,11.210,719986,186547,533439,2.631,10.154,74907,1.056,20.307,6,425,34989
2017,i) 5000 to 9999,1483,137618,7253039,7144620,11867,8.747,7967,5.872,911946,269714,642232,3.775,12.764,694814,182201,512613,2.550,9.725,217132,3.039,19.450,0,0,0
2017,j) 10000+,1344,741603,36329804,36372992,43408,5.798,57527,7.684,3765216,1062093,2703123,2.920,10.352,3859836,1234700,2625136,3.395,10.612,-94620,-0.260,20.703,0,0,0
2018,a) 1 to 4,3090692,3094860,6799812,6732077,500453,16.280,458967,14.930,1819181,1146412,672769,17.029,27.023,1680349,1047563,632786,15.561,24.960,138832,2.062,49.921,347497,348623,828557
2018,b) 5 to 9,958160,970472,6792311,6714881,36689,3.788,32818,3.388,1232072,458579,773493,6.829,18.348,1076588,412889,663699,6.149,16.033,155484,2.316,32.066,26426,27384,353097
2018,c) 10 to 19,602073,635453,8507851,8432583,18477,2.907,18859,2.967,1292910,423275,869635,5.020,15.332,1142916,406956,735960,4.826,13.554,149994,1.779,27.107,12610,14035,339416
2018,d) 20 to 99,525828,708371,21193043,21048988,18937,2.666,22627,3.186,2692511,742652,1949859,3.528,12.792,2404951,716793,1688158,3.405,11.425,287560,1.366,22.851,7036,10122,511910
2018,e) 100 to 499,91571,372452,18086921,17919458,14631,3.928,14660,3.936,2191266,464022,1727244,2.589,12.228,1856719,467436,1389283,2.609,10.361,334547,1.867,20.723,609,2961,214457
2018,f) 500 to 999,10973,135960,7020599,6935954,7680,5.680,6164,4.559,894508,209319,685189,3.018,12.897,726184,148827,577357,2.146,10.470,168324,2.427,20.940,22,796,29751
2018,g) 1000 to 2499,6590,164400,9262917,9154094,11614,7.133,8455,5.193,1083685,282081,801604,3.081,11.838,871905,191592,680313,2.093,9.525,211780,2.314,19.050,12,838,36820
2018,h) 2500 to 4999,2477,135897,7152835,7070162,8132,5.926,10783,7.858,839128,222523,616605,3.147,11.869,672518,182561,489957,2.582,9.512,166610,2.357,19.024,3,150,21093
2018,i) 5000 to 9999,1361,137082,7342625,7294059,9501,6.986,7333,5.392,828581,187264,641317,2.567,11.360,721600,178418,543182,2.446,9.893,106981,1.467,19.786,0,0,0
2018,j) 10000+,1203,745838,37467323,37268735,40622,5.413,49819,6.639,3578790,924541,2654249,2.481,9.603,3178964,883113,2295851,2.370,8.530,399826,1.073,17.060,0,0,0
2019,a) 1 to 4,3126450,3131871,6834642,6780842,517177,16.650,465766,14.995,1824105,1179935,644170,17.401,26.901,1715401,1063135,652266,15.679,25.298,108704,1.603,50.596,356027,357321,848471
2019,b) 5 to 9,959248,973543,6744804,6740773,34800,3.575,34478,3.542,1158356,439310,719046,6.517,17.184,1149934,436039,713895,6.469,17.059,8422,0.125,34.119,28195,29286,374890
2019,c) 10 to 19,607072,642480,8558871,8509298,18248,2.842,17388,2.708,1256715,422266,834449,4.962,14.769,1157686,404569,753117,4.754,13.605,99029,1.164,27.210,13021,14443,350407
2019,d) 20 to 99,531608,713358,21463640,21238949,21204,2.984,15695,2.209,2586286,765932,1820354,3.606,12.177,2137558,621729,1515829,2.927,10.064,448728,2.113,20.129,7081,9658,505285
2019,e) 100 to 499,93111,375134,18373547,18131946,21979,5.938,12011,3.245,2095705,594981,1500724,3.281,11.558,1609060,345830,1263230,1.907,8.874,486645,2.684,17.748,528,1638,183489
2019,f) 500 to 999,11180,138082,7108696,7040872,9405,6.900,5834,4.280,838419,204883,633536,2.910,11.908,705709,144418,561291,2.051,10.023,132710,1.885,20.046,26,567,35703
2019,g) 1000 to 2499,6776,167211,9513718,9389462,11449,6.921,7871,4.758,1064505,286701,777804,3.053,11.337,815376,167760,647616,1.787,8.684,249129,2.653,17.368,6,50,17295
2019,h) 2500 to 4999,2603,142562,7242228,7183049,7604,5.344,7036,4.945,799201,236456,562745,3.292,11.126,680609,166863,513746,2.323,9.475,118592,1.651,18.950,D,D,D
2019,i) 5000 to 9999,1460,136476,7523249,7492921,6703,4.927,5856,4.304,719539,165137,554402,2.204,9.603,665432,142788,522644,1.906,8.881,54107,0.722,17.762,0,0,0
2019,j) 10000+,1283,756349,38468192,38166348,37695,4.985,37457,4.953,3469072,758331,2710741,1.987,9.089,2893607,842696,2050911,2.208,7.582,575465,1.508,15.163,D,D,D
2020,a) 1 to 4,3141659,3147826,6832988,6839782,524568,16.698,512006,16.298,1829946,1186965,642981,17.354,26.754,1841749,1173517,668232,17.157,26.927,-11803,-0.173,53.509,367722,369248,872693
2020,b) 5 to 9,948989,964519,6663511,6680567,34595,3.583,36357,3.766,1132409,431122,701287,6.453,16.951,1165871,462179,703692,6.918,17.452,-33462,-0.501,33.902,27909,29136,374277
2020,c) 10 to 19,605076,641546,8501604,8502251,18588,2.897,18691,2.913,1220730,415602,805128,4.888,14.358,1221828,433403,788425,5.098,14.371,-1098,-0.013,28.715,13281,14872,357736
2020,d) 20 to 99,532499,714539,21414061,21318100,23344,3.282,16788,2.360,2525127,814694,1710433,3.822,11.845,2333575,671618,1661957,3.150,10.946,191552,0.899,21.893,7448,10436,540095
2020,e) 100 to 499,93692,376237,18423408,18300347,19755,5.298,12964,3.477,1915513,502131,1413382,2.744,10.467,1671704,363484,1308220,1.986,9.135,243809,1.332,18.270,559,2065,192582
2020,f) 500 to 999,11338,138896,7184070,7135047,9154,6.662,6161,4.484,861826,218973,642853,3.069,12.079,762189,152582,609607,2.138,10.682,99637,1.396,21.365,27,251,33981
2020,g) 1000 to 2499,6993,173121,9579366,9545489,11557,6.741,8193,4.779,1062863,303568,759295,3.180,11.135,992636,196411,796225,2.058,10.399,70227,0.736,20.798,13,398,32787
2020,h) 2500 to 4999,2622,154001,7421667,7401315,8975,5.842,8253,5.372,771764,195196,576568,2.637,10.427,727894,169093,558801,2.285,9.835,43870,0.593,19.669,D,D,D
2020,i) 5000 to 9999,1465,139421,7710927,7687191,11394,8.276,7906,5.742,804809,265267,539542,3.451,10.469,760427,188215,572212,2.448,9.892,44382,0.577,19.784,D,D,D
2020,j) 10000+,1243,750947,38949260,38854574,30809,4.076,40498,5.358,3698200,981957,2716243,2.527,9.518,3508937,957034,2551903,2.463,9.031,189263,0.487,18.062,0,0,0
2021,a) 1 to 4,3214366,3221301,7017079,6954732,601901,18.874,537514,16.855,2047315,1347188,700127,19.371,29.438,1923954,1202052,721902,17.284,27.664,123361,1.774,55.328,376392,378048,861841
2021,b) 5 to 9,953382,970124,6626531,6696297,35538,3.664,35343,3.644,1159200,434309,724891,6.486,17.311,1297225,441645,855580,6.595,19.372,-138025,-2.061,34.622,25643,27043,341703
2021,c) 10 to 19,604936,644023,8279659,8477629,19138,2.974,18264,2.838,1153412,392687,760725,4.632,13.605,1548273,418633,1129640,4.938,18.263,-394861,-4.658,27.211,12001,13458,322615
2021,d) 20 to 99,517430,704133,19971754,20611374,24614,3.512,18130,2.587,2218997,755660,1463337,3.666,10.766,3500661,667198,2833463,3.237,16.984,-1281664,-6.218,21.532,6810,10106,498352
2021,e) 100 to 499,90499,374838,17171522,17671525,20951,5.628,15783,4.240,1735357,531566,1203791,3.008,9.820,2737437,403845,2333592,2.285,15.491,-1002080,-5.671,19.640,563,3353,209688
2021,f) 500 to 999,11043,140566,6726466,6925179,8300,5.904,8338,5.931,751211,205976,545235,2.974,10.848,1147630,172062,975568,2.485,16.572,-396419,-5.724,21.695,26,1263,36345
2021,g) 1000 to 2499,6743,174443,8933295,9182295,13103,7.474,14839,8.464,961266,267202,694064,2.910,10.469,1460170,244399,1215771,2.662,15.902,-498904,-5.433,20.937,15,1886,45339
2021,h) 2500 to 4999,2625,144317,7006722,7193659,11323,7.877,10175,7.079,750091,251903,498188,3.502,10.427,1126869,209658,917211,2.914,15.665,-376778,-5.238,20.854,D,D,D
2021,i) 5000 to 9999,1454,142193,7374545,7524409,8677,6.058,10766,7.516,776234,223168,553066,2.966,10.316,1076015,249247,826768,3.313,14.300,-299781,-3.984,20.632,D,D,D
2021,j) 10000+,1271,737583,38114563,38756774,40248,5.379,61487,8.218,3522929,853133,2669796,2.201,9.090,4777748,1035381,3742367,2.671,12.328,-1254819,-3.238,18.180,0,0,0
2022,a) 1 to 4,3339926,3345412,7346986,7108325,655299,20.052,500488,15.315,2251983,1465891,786092,20.622,31.681,1771654,1135153,636501,15.969,24.924,480329,6.757,49.847,401726,403710,931810
2022,b) 5 to 9,967881,982623,6988897,6785969,40573,4.138,36392,3.711,1441970,500022,941948,7.368,21.249,1038385,429691,608694,6.332,15.302,403585,5.947,30.604,27614,29207,367648
2022,c) 10 to 19,615012,652382,8917492,8595832,22772,3.495,21291,3.267,1691555,479195,1212360,5.575,19.679,1048073,409247,638826,4.761,12.193,643482,7.486,24.386,12775,14891,344307
2022,d) 20 to 99,519787,707088,21536084,20676840,27367,3.874,25970,3.676,3841293,881004,2960289,4.261,18.578,2120073,733289,1386784,3.546,10.253,1721220,8.324,20.507,7282,11215,536161
2022,e) 100 to 499,89373,373280,18034357,17467658,20447,5.499,17597,4.732,2932173,555960,2376213,3.183,16.786,1797565,466281,1331284,2.669,10.291,1134608,6.495,20.582,599,2721,208566
2022,f) 500 to 999,11080,146595,7148562,6929042,10052,6.914,7647,5.260,1129876,234768,895108,3.388,16.306,690116,153712,536404,2.218,9.960,439760,6.347,19.920,31,1151,40856
2022,g) 1000 to 2499,6788,179635,9523487,9260591,12060,6.751,10069,5.636,1430212,289159,1141053,3.122,15.444,908434,223081,685353,2.409,9.810,521778,5.634,19.619,10,229,30289
2022,h) 2500 to 4999,2662,142905,7277975,7097586,10067,7.114,7260,5.131,1039564,198976,840588,2.803,14.647,677394,182336,495058,2.569,9.544,362170,5.103,19.088,D,D,D
2022,i) 5000 to 9999,1496,147863,7779452,7575021,12838,8.838,7623,5.248,1109910,279643,830267,3.692,14.652,702608,165056,537552,2.179,9.275,407302,5.377,18.551,0,0,0
2022,j) 10000+,1218,730866,39589845,39119297,42555,5.743,62888,8.487,4793569,1029815,3763754,2.632,12.254,3817581,1221274,2596307,3.122,9.759,975988,2.495,19.518,0,0,0
2023,a) 1 to 4,3348018,3352910,7210965,7151312,595074,17.910,534526,16.087,1997864,1325120,672744,18.530,27.937,1877667,1195441,682226,16.716,26.256,120197,1.681,52.513,469672,471261,1068323
2023,b) 5 to 9,970392,983897,6879260,6823345,36778,3.739,36363,3.697,1248454,464618,783836,6.809,18.297,1134626,452481,682145,6.631,16.629,113828,1.668,33.257,31380,32921,418932
2023,c) 10 to 19,624548,660252,8857485,8756972,19877,3.012,19390,2.938,1384948,433118,951830,4.946,15.815,1182403,423697,758706,4.838,13.502,202545,2.313,27.005,14501,16320,389015
2023,d) 20 to 99,544370,734178,22089278,21739951,28535,3.910,19767,2.709,3093470,858841,2234629,3.951,14.229,2391567,674522,1717045,3.103,11.001,701903,3.229,22.002,7803,10712,551740
2023,e) 100 to 499,93344,387099,18503978,18210677,26212,6.883,13690,3.595,2478748,642127,1836621,3.526,13.612,1889231,396021,1493210,2.175,10.374,589517,3.237,20.749,570,2440,197894
2023,f) 500 to 999,11485,147601,7302627,7175537,10274,7.078,5394,3.716,981868,248583,733285,3.464,13.684,728955,135013,593942,1.882,10.159,252913,3.525,20.318,24,158,32440
2023,g) 1000 to 2499,7061,188486,9883450,9709893,14124,7.580,9830,5.275,1269208,304753,964455,3.139,13.071,916775,179693,737082,1.851,9.442,352433,3.630,18.883,7,13,20050
2023,h) 2500 to 4999,2670,140673,7673421,7547866,7470,5.324,6751,4.811,954515,202030,752485,2.677,12.646,703443,172637,530806,2.287,9.320,251072,3.326,18.640,D,D,D
2023,i) 5000 to 9999,1498,153232,7955557,7871739,8483,5.576,6269,4.121,896218,198413,697805,2.521,11.385,729474,146812,582662,1.865,9.267,166744,2.118,18.534,0,0,0
2023,j) 10000+,1210,746655,41106423,40756263,43468,5.804,48000,6.409,4154613,923560,3231053,2.266,10.194,3464301,927896,2536405,2.277,8.500,690312,1.694,17.000,0,0,0
